filename,bright,dark,low_contrast,high_contrast,overexposed,over_suppressed
CA01101PM_0.6X_changjiang_IMG20250712090746.jpg,0,0,0,0,0,0
CA01101PM_1X_changjiang_IMG20250712090744.jpg,0,2,0,0,0,0
CA01101PM_1X_zhujiang_IMG20250712090829.jpg,0,0,0,0,0,0
CA01101PM_2X_zhujiang_IMG20250712090834.jpg,0,0,0,0,0,0
CA01101PM_3X_changjiang_IMG20250712090753.jpg,0,0,0,0,0,0
CA01101PM_3X_zhujiang_IMG20250712090836.jpg,0,0,0,0,0,0
CA01101PM_6X_changjiang_IMG20250712090757.jpg,0,0,0,0,0,0
CA01101PM_6X_zhujiang_IMG20250712090841.jpg,0,0,0,0,0,0
CA01103PM_0.6X_changjiang_IMG20250712091034.jpg,0,0,0,0,0,0
CA01103PM_0.6X_zhujiang_IMG20250712091004.jpg,0,0,0,0,0,0
CA01103PM_1X_changjiang_IMG20250712091032.jpg,0,0,0,0,0,0
CA01103PM_2X_changjiang_IMG20250712091036.jpg,0,2,0,0,0,0
CA01103PM_2X_zhujiang_IMG20250712091007.jpg,0,0,0,0,0,0
CA01103PM_3X_changjiang_IMG20250712091038.jpg,0,0,0,0,0,0
CA01103PM_3X_zhujiang_IMG20250712091009.jpg,0,0,0,0,0,0
CA01103PM_6X_changjiang_IMG20250712091111.jpg,0,0,0,0,0,0
CA01107PM_0.6X_zhujiang_IMG20250712091224.jpg,0,0,0,0,0,0
CA01107PM_1X_changjiang_IMG20250712091308.jpg,0,2,0,0,0,0
CA01107PM_1X_zhujiang_IMG20250712091222.jpg,0,0,0,0,0,0
CA01107PM_2X_changjiang_IMG20250712091312.jpg,0,0,0,0,0,0
CA01107PM_2X_zhujiang_IMG20250712091227.jpg,0,2,0,0,0,0
CA01107PM_3X_changjiang_IMG20250712091314.jpg,0,0,0,0,0,0
CA01107PM_3X_zhujiang_IMG20250712091229.jpg,0,0,0,0,0,0
CA01107PM_6X_changjiang_IMG20250712091319.jpg,0,0,0,0,0,0
CA01107PM_6X_zhujiang_IMG20250712091234.jpg,0,0,0,0,0,0
CA03101PM_0.6X_changjiang_IMG20250712091425.jpg,0,0,0,0,0,0
CA03101PM_0.6X_zhujiang_IMG20250712091450.jpg,0,2,0,0,0,0
CA03101PM_1X_changjiang_IMG20250712091423.jpg,0,0,0,0,0,0
CA03101PM_1X_zhujiang_IMG20250712091448.jpg,0,0,0,0,0,0
CA03101PM_3X_changjiang_IMG20250712091429.jpg,0,0,0,0,0,0
CA03101PM_6X_changjiang_IMG20250712091558.jpg,0,0,0,0,0,0
CA03101PM_6X_zhujiang_IMG20250712091524.jpg,0,0,0,0,0,0
CA03104PM_0.6X_changjiang_IMG20250712091654.jpg,0,0,0,0,0,0
CA03104PM_0.6X_zhujiang_IMG20250712091723.jpg,0,0,0,0,0,0
CA03104PM_1X_changjiang_IMG20250712091652.jpg,0,0,0,0,0,0
CA03104PM_1X_zhujiang_IMG20250712091721.jpg,0,0,0,0,0,0
CA03104PM_2X_changjiang_IMG20250712091656.jpg,0,2,0,0,0,0
CA03104PM_2X_zhujiang_IMG20250712091725.jpg,0,0,2,0,0,0
CA03104PM_3X_zhujiang_IMG20250712091727.jpg,0,0,0,0,0,0
CA03104PM_6X_changjiang_IMG20250712091825.jpg,0,0,0,0,0,0
CA03104PM_6X_zhujiang_IMG20250712091808.jpg,0,0,0,0,0,0
CA03108PM_0.6X_zhujiang_IMG20250712091932.jpg,0,0,0,0,0,0
CA03108PM_1X_changjiang_IMG20250712091901.jpg,0,0,0,0,0,0
CA03108PM_1X_zhujiang_IMG20250712091930.jpg,0,0,0,0,0,0
CA03108PM_2X_changjiang_IMG20250712091904.jpg,0,0,0,0,0,0
CA03108PM_2X_zhujiang_IMG20250712091933.jpg,0,0,0,0,0,0
CA03108PM_3X_changjiang_IMG20250712091906.jpg,0,0,0,0,0,0
CA03108PM_3X_zhujiang_IMG20250712091936.jpg,0,0,0,0,0,0
CA03108PM_6X_changjiang_IMG20250712092029.jpg,0,0,0,0,0,0
CA03108PM_6X_zhujiang_IMG20250712092012.jpg,0,0,0,0,0,0
CA04102PM_0.6X_changjiang_IMG20250712092153.jpg,0,0,0,0,0,0
CA04102PM_0.6X_zhujiang_IMG20250712092222.jpg,0,0,0,0,0,0
CA04102PM_1X_changjiang_IMG20250712092151.jpg,0,0,0,0,0,0
CA04102PM_1X_zhujiang_IMG20250712092220.jpg,0,0,0,0,0,0
CA04102PM_2X_zhujiang_IMG20250712092224.jpg,0,0,0,0,0,0
CA04102PM_3X_changjiang_IMG20250712092157.jpg,0,0,0,0,0,0
CA04102PM_3X_zhujiang_IMG20250712092225.jpg,0,0,0,0,0,0
CA04102PM_6X_changjiang_IMG20250712092311.jpg,0,0,0,0,0,0
CA04102PM_6X_zhujiang_IMG20250712092255.jpg,0,0,0,0,0,0
CA04103PM_0.6X_changjiang_IMG20250712092423.jpg,0,0,0,0,0,0
CA04103PM_0.6X_zhujiang_IMG20250712092449.jpg,0,0,0,0,0,0
CA04103PM_1X_changjiang_IMG20250712092421.jpg,0,0,0,0,0,0
CA04103PM_1X_zhujiang_IMG20250712092447.jpg,0,0,0,0,0,0
CA04103PM_2X_changjiang_IMG20250712092425.jpg,0,0,0,0,0,0
CA04103PM_3X_changjiang_IMG20250712092427.jpg,0,2,0,0,0,0
CA04103PM_3X_zhujiang_IMG20250712092453.jpg,0,0,0,0,0,0
CA04103PM_6X_changjiang_IMG20250712092538.jpg,0,2,0,0,0,0
CA04103PM_6X_zhujiang_IMG20250712092521.jpg,0,0,0,0,0,0
CA05101PM_0.6X_changjiang_IMG20250712092715.jpg,0,0,0,0,0,0
CA05101PM_0.6X_zhujiang_IMG20250712092746.jpg,0,2,0,0,0,0
CA05101PM_1X_changjiang_IMG20250712092713.jpg,0,0,0,0,0,0
CA05101PM_1X_zhujiang_IMG20250712092744.jpg,0,0,0,0,0,0
CA05101PM_2X_changjiang_IMG20250712092717.jpg,0,0,0,0,0,2
CA05101PM_2X_zhujiang_IMG20250712092748.jpg,0,0,0,0,0,0
CA05101PM_3X_changjiang_IMG20250712092719.jpg,0,0,0,0,0,0
CA05101PM_3X_zhujiang_IMG20250712092750.jpg,0,0,0,0,0,0
CA05101PM_6X_changjiang_IMG20250712092857.jpg,0,0,0,0,0,0
CA05101PM_6X_zhujiang_IMG20250712092826.jpg,0,0,0,0,0,0
CA05103PM_0.6X_changjiang_IMG20250712092938.jpg,0,0,0,0,0,0
CA05103PM_1X_changjiang_IMG20250712092936.jpg,0,0,0,0,0,0
CA05103PM_2X_changjiang_IMG20250712092940.jpg,0,0,0,0,0,0
CA05103PM_3X_changjiang_IMG20250712092943.jpg,0,0,0,0,0,0
CA05103PM_3X_zhujiang_IMG20250712093111.jpg,0,0,0,0,0,0
CA05103PM_6X_zhujiang_IMG20250712093135.jpg,0,0,0,0,0,0
CA05303PM_0.6X_changjiang_IMG20250712093215.jpg,0,0,0,0,0,0
CA05303PM_0.6X_zhujiang_IMG20250712093318.jpg,0,0,0,0,0,0
CA05303PM_1X_changjiang_IMG20250712093213.jpg,0,2,0,0,0,0
CA05303PM_1X_zhujiang_IMG20250712093316.jpg,0,0,0,0,0,0
CA05303PM_2X_changjiang_IMG20250712093217.jpg,0,2,0,0,0,0
CA05303PM_2X_zhujiang_IMG20250712093320.jpg,0,0,0,0,0,0
CA05303PM_3X_changjiang_IMG20250712093218.jpg,0,2,0,0,0,0
CA05303PM_3X_zhujiang_IMG20250712093321.jpg,0,0,0,0,0,0
CA05303PM_6X_changjiang_IMG20250712093226.jpg,0,0,0,0,0,0
CA05303PM_6X_zhujiang_IMG20250712093325.jpg,0,0,0,0,0,0
CA06304PM_0.6X_changjiang_IMG20250712093545.jpg,0,0,0,0,0,0
CA06304PM_0.6X_zhujiang_IMG20250712093501.jpg,0,2,0,0,0,0
CA06304PM_1X_zhujiang_IMG20250712093458.jpg,0,2,0,0,0,0
CA06304PM_2X_zhujiang_IMG20250712093503.jpg,0,0,0,0,0,0
CA06304PM_3X_changjiang_IMG20250712093550.jpg,0,0,0,0,0,0
CA06304PM_3X_zhujiang_IMG20250712093505.jpg,0,0,0,0,0,0
CA06304PM_6X_changjiang_IMG20250712093559.jpg,0,0,0,0,0,0
CA07101PM_0.6X_changjiang_IMG20250712093946.jpg,0,0,0,0,0,0
CA07101PM_0.6X_zhujiang_IMG20250712093722.jpg,0,0,0,0,0,0
CA07101PM_1X_changjiang_IMG20250712093945.jpg,0,0,0,0,0,2
CA07101PM_1X_zhujiang_IMG20250712093720.jpg,0,0,0,0,0,0
CA07101PM_2X_changjiang_IMG20250712093948.jpg,0,0,0,0,0,0
CA07101PM_2X_zhujiang_IMG20250712093724.jpg,0,0,0,0,0,0
CA07101PM_3X_changjiang_IMG20250712093950.jpg,0,0,0,0,0,0
CA07101PM_3X_zhujiang_IMG20250712093726.jpg,0,0,0,0,0,0
CA07101PM_6X_changjiang_IMG20250712093958.jpg,0,0,0,0,0,0
CA07101PM_6X_zhujiang_IMG20250712094026.jpg,0,0,0,0,0,0
CA07201PM_0.6X_changjiang_IMG20250712094216.jpg,0,0,0,0,0,0
CA07201PM_0.6X_zhujiang_IMG20250712094059.jpg,0,0,0,0,0,0
CA07201PM_1X_changjiang_IMG20250712094214.jpg,0,0,0,0,0,0
CA07201PM_1X_zhujiang_IMG20250712094057.jpg,0,0,0,0,0,0
CA07201PM_2X_changjiang_IMG20250712094218.jpg,0,0,0,0,0,0
CA07201PM_2X_zhujiang_IMG20250712094101.jpg,0,0,0,0,0,0
CA07201PM_3X_zhujiang_IMG20250712094103.jpg,0,0,0,0,0,0
CA07201PM_6X_changjiang_IMG20250712094225.jpg,0,0,0,0,0,0
CA07201PM_6X_zhujiang_IMG20250712094252.jpg,0,0,0,0,0,0
CA07210PM_0.6X_changjiang_IMG20250712094439.jpg,0,0,0,0,0,0
CA07210PM_0.6X_zhujiang_IMG20250712094355.jpg,0,0,0,0,0,0
CA07210PM_1X_changjiang_IMG20250712094437.jpg,0,0,0,0,0,0
CA07210PM_2X_changjiang_IMG20250712094441.jpg,0,0,0,0,0,0
CA07210PM_2X_zhujiang_IMG20250712094356.jpg,0,0,0,0,0,0
CA07210PM_3X_changjiang_IMG20250712094443.jpg,0,0,0,0,0,0
CA07210PM_3X_zhujiang_IMG20250712094358.jpg,0,0,0,0,0,0
CA07210PM_6X_changjiang_IMG20250712094451.jpg,0,0,0,0,0,0
CA07210PM_6X_zhujiang_IMG20250712094517.jpg,0,0,0,0,0,0
CA08102PM_1X_changjiang_IMG20250712094715.jpg,0,0,0,0,0,0
CA08102PM_2X_changjiang_IMG20250712094718.jpg,0,0,0,0,0,0
CA08102PM_2X_zhujiang_IMG20250712094651.jpg,0,0,0,0,0,0
CA08102PM_3X_changjiang_IMG20250712094725.jpg,0,0,0,0,0,0
CA08102PM_3X_zhujiang_IMG20250712094654.jpg,0,0,0,0,0,0
CA08102PM_6X_changjiang_IMG20250712094732.jpg,0,0,0,0,0,0
CA08102PM_6X_zhujiang_IMG20250712094753.jpg,0,0,0,0,0,0
CA08103PM_1X_changjiang_IMG20250712094922.jpg,0,0,0,0,0,0
CA08103PM_1X_zhujiang_IMG20250712094851.jpg,0,0,0,0,0,0
CA08103PM_2X_changjiang_IMG20250712094925.jpg,0,0,0,0,0,0
CA08103PM_2X_zhujiang_IMG20250712094855.jpg,0,0,0,0,0,0
CA08103PM_3X_changjiang_IMG20250712094928.jpg,0,0,0,0,0,0
CA08103PM_3X_zhujiang_IMG20250712094859.jpg,0,0,0,0,0,0
CA08103PM_6X_changjiang_IMG20250712094934.jpg,0,0,0,0,0,0
CA08103PM_6X_zhujiang_IMG20250712094951.jpg,0,0,0,0,0,0
CA09105PM_0.6X_changjiang_IMG20250712095145.jpg,0,0,0,0,0,0
CA09105PM_0.6X_zhujiang_IMG20250712095108.jpg,0,0,0,0,0,0
CA09105PM_1X_changjiang_IMG20250712095142.jpg,0,0,0,0,0,0
CA09105PM_1X_zhujiang_IMG20250712095105.jpg,0,0,0,0,0,0
CA09105PM_2X_changjiang_IMG20250712095147.jpg,0,0,0,0,0,0
CA09105PM_2X_zhujiang_IMG20250712095110.jpg,0,0,0,0,0,0
CA09105PM_3X_changjiang_IMG20250712095149.jpg,0,0,0,0,0,0
CA09105PM_3X_zhujiang_IMG20250712095113.jpg,0,0,0,0,0,0
CA09105PM_6X_changjiang_IMG20250712095159.jpg,0,0,0,0,0,0
CA09105PM_6X_zhujiang_IMG20250712095226.jpg,0,0,0,0,0,0
CA10101PM_0.6X_zhujiang_IMG20250712095411.jpg,0,0,0,0,0,0
CA10101PM_1X_changjiang_IMG20250712095440.jpg,0,0,0,0,0,0
CA10101PM_1X_zhujiang_IMG20250712095410.jpg,0,0,0,0,0,0
CA10101PM_2X_changjiang_IMG20250712095445.jpg,0,0,0,0,0,0
CA10101PM_2X_zhujiang_IMG20250712095414.jpg,0,0,0,0,0,0
CA10101PM_3X_zhujiang_IMG20250712095416.jpg,0,0,0,0,0,0
CA10101PM_6X_changjiang_IMG20250712095500.jpg,0,0,0,0,0,0
CA10101PM_6X_zhujiang_IMG20250712095517.jpg,0,0,0,0,0,0
CA10102PM_0.6X_changjiang_IMG20250712095650.jpg,0,0,0,0,0,0
CA10102PM_1X_changjiang_IMG20250712095648.jpg,0,0,0,0,0,0
CA10102PM_1X_zhujiang_IMG20250712095623.jpg,0,0,0,0,0,0
CA10102PM_2X_changjiang_IMG20250712095652.jpg,0,0,0,0,0,0
CA10102PM_2X_zhujiang_IMG20250712095627.jpg,0,0,0,0,0,0
CA10102PM_3X_changjiang_IMG20250712095654.jpg,0,0,0,0,0,0
CA10102PM_6X_changjiang_IMG20250712095702.jpg,0,2,0,0,0,0
CA10102PM_6X_zhujiang_IMG20250712095717.jpg,0,0,0,0,0,0
CA11136PM_0.6X_zhujiang_IMG20250712095927.jpg,0,0,0,0,0,0
CA11136PM_1X_changjiang_IMG20250712095953.jpg,0,0,0,0,0,0
CA11136PM_1X_zhujiang_IMG20250712095926.jpg,0,0,0,0,0,0
CA11136PM_2X_changjiang_IMG20250712095957.jpg,0,0,0,0,0,0
CA11136PM_2X_zhujiang_IMG20250712095929.jpg,0,0,0,0,0,0
CA11136PM_3X_changjiang_IMG20250712095959.jpg,0,0,0,0,0,0
CA11136PM_6X_changjiang_IMG20250712100006.jpg,0,0,0,0,0,0
CA11136PM_6X_zhujiang_IMG20250712100024.jpg,0,0,0,0,0,0
CA13102PM_0.6X_changjiang_IMG20250712100220.jpg,0,0,0,0,0,0
CA13102PM_0.6X_zhujiang_IMG20250712100139.jpg,0,0,0,0,0,0
CA13102PM_1X_changjiang_IMG20250712100216.jpg,0,0,0,0,0,0
CA13102PM_1X_zhujiang_IMG20250712100137.jpg,0,0,0,0,0,0
CA13102PM_2X_changjiang_IMG20250712100222.jpg,0,0,0,0,0,0
CA13102PM_2X_zhujiang_IMG20250712100142.jpg,0,0,0,0,0,0
CA13102PM_3X_changjiang_IMG20250712100226.jpg,0,0,0,0,0,0
CA13102PM_3X_zhujiang_IMG20250712100145.jpg,0,0,0,0,0,0
CA13102PM_6X_changjiang_IMG20250712100233.jpg,0,0,0,0,0,0
CA13102PM_6X_zhujiang_IMG20250712100253.jpg,0,0,2,0,0,0
CA13301PM_0.6X_changjiang_IMG20250712100451.jpg,0,0,0,0,0,0
CA13301PM_0.6X_zhujiang_IMG20250712100409.jpg,0,0,0,0,0,0
CA13301PM_1X_changjiang_IMG20250712100449.jpg,0,0,0,0,0,0
CA13301PM_1X_zhujiang_IMG20250712100407.jpg,0,0,0,0,0,0
CA13301PM_2X_changjiang_IMG20250712100454.jpg,0,0,0,0,0,0
CA13301PM_3X_changjiang_IMG20250712100457.jpg,0,0,0,0,0,0
CA13301PM_3X_zhujiang_IMG20250712100414.jpg,0,0,0,0,0,0
CA13301PM_6X_changjiang_IMG20250712100504.jpg,0,0,0,0,0,0
CA13301PM_6X_zhujiang_IMG20250712100526.jpg,0,0,0,0,0,0
CA14101PM_0.6X_changjiang_IMG20250712100805.jpg,0,0,0,0,0,0
CA14101PM_0.6X_zhujiang_IMG20250712100726.jpg,0,0,0,0,0,0
CA14101PM_1X_changjiang_IMG20250712100803.jpg,0,0,0,0,0,0
CA14101PM_1X_zhujiang_IMG20250712100723.jpg,0,0,0,0,0,0
CA14101PM_2X_changjiang_IMG20250712100807.jpg,0,0,0,0,0,0
CA14101PM_2X_zhujiang_IMG20250712100729.jpg,0,0,0,0,0,0
CA14101PM_3X_changjiang_IMG20250712100812.jpg,0,0,0,0,0,0
CA14101PM_3X_zhujiang_IMG20250712100732.jpg,0,0,0,0,0,0
CA14101PM_6X_changjiang_IMG20250712100819.jpg,0,0,0,0,0,0
CA14101PM_6X_zhujiang_IMG20250712100846.jpg,0,0,0,0,0,0
CA19001_0.6X_changjiang_IMG20250712154812.jpg,0,0,0,0,0,0
CA19001_0.6X_zhujiang_IMG20250712150330.jpg,0,0,0,0,0,0
CA19001_1X_changjiang_IMG20250712154810.jpg,0,0,0,0,0,0
CA19001_1X_zhujiang_IMG20250712150325.jpg,0,0,0,0,0,0
CA19001_2X_changjiang_IMG20250712154815.jpg,0,0,0,0,0,0
CA19001_3X_zhujiang_IMG20250712150334.jpg,0,0,0,0,0,0
CA19001_6X_changjiang_IMG20250712154821.jpg,0,0,0,0,0,0
CA19001_6X_zhujiang_IMG20250712150340.jpg,0,0,0,0,0,0
CA19002_0.6X_changjiang_IMG20250712150212.jpg,0,0,0,0,0,0
CA19002_0.6X_zhujiang_IMG20250712150307.jpg,0,0,0,0,0,0
CA19002_1X_changjiang_IMG20250712150210.jpg,0,0,0,0,0,0
CA19002_2X_changjiang_IMG20250712150214.jpg,0,0,0,0,0,0
CA19002_2X_zhujiang_IMG20250712150309.jpg,0,0,0,0,0,0
CA19002_3X_changjiang_IMG20250712150216.jpg,0,0,0,0,0,0
CA19002_3X_zhujiang_IMG20250712150311.jpg,0,0,0,0,0,0
CA19002_6X_changjiang_IMG20250712150219.jpg,0,0,0,0,0,0
CA19002_6X_zhujiang_IMG20250712150314.jpg,0,0,0,0,0,0
CA19003P_0.6X_changjiang_IMG20250712103306.jpg,0,0,0,0,0,0
CA19003P_0.6X_zhujiang_IMG20250712103234.jpg,0,0,0,0,0,0
CA19003P_2X_changjiang_IMG20250712103307.jpg,0,0,0,0,0,0
CA19003P_2X_zhujiang_IMG20250712103236.jpg,0,0,0,0,0,0
CA19003P_3X_changjiang_IMG20250712103309.jpg,0,0,0,0,0,0
CA19003P_3X_zhujiang_IMG20250712103238.jpg,0,0,0,0,0,0
CA19003P_6X_zhujiang_IMG20250712103335.jpg,0,0,0,0,0,0
CA19004P_0.6X_changjiang_IMG20250712102240.jpg,0,0,0,0,0,0
CA19004P_0.6X_zhujiang_IMG20250712102154.jpg,0,0,0,0,0,0
CA19004P_1X_changjiang_IMG20250712102237.jpg,0,0,0,0,0,0
CA19004P_1X_zhujiang_IMG20250712102150.jpg,0,0,0,0,0,0
CA19004P_2X_changjiang_IMG20250712102244.jpg,0,0,0,0,0,0
CA19004P_2X_zhujiang_IMG20250712102158.jpg,0,0,0,0,0,0
CA19004P_3X_zhujiang_IMG20250712103825.jpg,0,0,0,0,0,0
CA19004P_6X_zhujiang_IMG20250712102330.jpg,0,0,0,0,0,0
CA19005P_0.6X_changjiang_IMG20250712103012.jpg,0,0,0,0,0,0
CA19005P_0.6X_zhujiang_IMG20250712102937.jpg,0,0,0,0,0,0
CA19005P_1X_changjiang_IMG20250712103010.jpg,0,0,0,0,0,0
CA19005P_1X_zhujiang_IMG20250712102935.jpg,0,0,0,0,0,0
CA19005P_2X_changjiang_IMG20250712103015.jpg,0,0,0,0,0,0
CA19005P_2X_zhujiang_IMG20250712102939.jpg,0,0,0,0,0,0
CA19005P_3X_changjiang_IMG20250712103017.jpg,0,0,0,0,0,0
CA19005P_3X_zhujiang_IMG20250712102941.jpg,0,0,0,0,0,0
CA19005P_6X_changjiang_IMG20250712103024.jpg,0,0,0,0,0,0
CA19005P_6X_zhujiang_IMG20250712103042.jpg,0,0,0,0,0,0
CA20001_0.6X_changjiang_IMG20250712145250.jpg,0,0,0,0,0,0
CA20001_0.6X_zhujiang_IMG20250712145209.jpg,0,0,0,0,0,0
CA20001_1X_changjiang_IMG20250712145247.jpg,0,0,0,0,0,0
CA20001_1X_zhujiang_IMG20250712145206.jpg,0,0,0,0,0,0
CA20001_2X_changjiang_IMG20250712145300.jpg,0,0,0,0,0,0
CA20001_3X_changjiang_IMG20250712145306.jpg,0,0,0,0,0,0
CA20001_3X_zhujiang_IMG20250712145222.jpg,0,0,0,2,0,0
CA20001_6X_changjiang_IMG20250712145311.jpg,0,0,0,0,0,0
CA20001_6X_zhujiang_IMG20250712145229.jpg,0,0,0,0,0,0
CA20002_0.6X_changjiang_IMG20250712144447.jpg,0,0,0,0,0,0
CA20002_0.6X_zhujiang_IMG20250712144629.jpg,0,0,0,0,0,0
CA20002_1X_changjiang_IMG20250712144443.jpg,0,0,0,0,0,0
CA20002_1X_zhujiang_IMG20250712144626.jpg,0,0,0,2,0,0
CA20002_2X_zhujiang_IMG20250712144632.jpg,0,0,0,2,0,0
CA20002_3X_changjiang_IMG20250712144513.jpg,0,0,0,0,0,0
CA20002_3X_zhujiang_IMG20250712144636.jpg,0,0,0,2,0,0
CA20002_6X_changjiang_IMG20250712144520.jpg,0,0,0,0,0,0
CA20002_6X_zhujiang_IMG20250712144640.jpg,0,0,0,2,0,0
CA20003_0.6X_changjiang_IMG20250712145500.jpg,0,0,0,0,0,0
CA20003_0.6X_zhujiang_IMG20250712145828.jpg,0,0,0,0,0,0
CA20003_1X_changjiang_IMG20250712145453.jpg,0,0,0,0,0,0
CA20003_2X_changjiang_IMG20250712145510.jpg,0,0,0,0,0,0
CA20003_2X_zhujiang_IMG20250712145835.jpg,0,0,0,0,0,0
CA20003_3X_changjiang_IMG20250712145518.jpg,0,0,0,0,0,0
CA20003_3X_zhujiang_IMG20250712145839.jpg,0,0,0,0,0,0
CA20003_6X_changjiang_IMG20250712145527.jpg,0,0,0,0,0,0
CA20003_6X_zhujiang_IMG20250712145846.jpg,0,0,0,0,0,0
CA20004_0.6X_changjiang_IMG20250712150030.jpg,0,0,0,0,0,0
CA20004_0.6X_zhujiang_IMG20250712145903.jpg,0,0,0,0,0,0
CA20004_1X_changjiang_IMG20250712150027.jpg,0,0,0,0,0,0
CA20004_1X_zhujiang_IMG20250712145901.jpg,0,0,0,0,0,0
CA20004_2X_changjiang_IMG20250712150033.jpg,0,0,0,0,0,0
CA20004_2X_zhujiang_IMG20250712145907.jpg,0,0,0,2,0,0
CA20004_3X_changjiang_IMG20250712150038.jpg,0,0,0,0,0,0
CA20004_3X_zhujiang_IMG20250712145912.jpg,0,0,0,0,0,0
CA20004_6X_changjiang_IMG20250712150040.jpg,0,0,0,0,0,0
CA20004_6X_zhujiang_IMG20250712145915.jpg,0,0,0,0,0,0
CA21001_0.6X_changjiang_IMG20250712152450.jpg,0,0,0,0,0,0
CA21001_0.6X_zhujiang_IMG20250712152320.jpg,0,0,0,0,0,0
CA21001_1X_changjiang_IMG20250712152448.jpg,0,0,0,0,0,0
CA21001_1X_zhujiang_IMG20250712152317.jpg,0,0,0,0,0,0
CA21001_2X_changjiang_IMG20250712152453.jpg,0,0,0,0,0,0
CA21001_3X_changjiang_IMG20250712152457.jpg,0,0,0,0,0,0
CA21001_3X_zhujiang_IMG20250712152328.jpg,0,0,0,0,0,0
CA21001_6X_changjiang_IMG20250712152501.jpg,0,0,0,0,0,0
CA21001_6X_zhujiang_IMG20250712152332.jpg,0,0,0,0,0,0
CA21002_0.6X_zhujiang_IMG20250712152848.jpg,0,0,0,0,0,0
CA21002_1X_changjiang_IMG20250712152801.jpg,0,0,0,0,0,0
CA21002_2X_changjiang_IMG20250712152813.jpg,0,0,0,0,0,0
CA21002_2X_zhujiang_IMG20250712152854.jpg,0,0,0,0,0,0
CA21002_3X_changjiang_IMG20250712152821.jpg,0,0,0,0,0,0
CA21002_3X_zhujiang_IMG20250712152859.jpg,0,0,0,0,0,0
CA21002_6X_changjiang_IMG20250712152826.jpg,0,0,0,0,0,0
CA21002_6X_zhujiang_IMG20250712152907.jpg,0,0,0,0,0,0
CA21003_0.6X_changjiang_IMG20250712151413.jpg,0,0,0,0,0,0
CA21003_0.6X_zhujiang_IMG20250712151542.jpg,0,0,0,0,0,0
CA21003_1X_changjiang_IMG20250712151411.jpg,0,0,0,0,0,0
CA21003_1X_zhujiang_IMG20250712151540.jpg,0,0,0,0,0,0
CA21003_2X_changjiang_IMG20250712151415.jpg,0,0,0,0,0,0
CA21003_2X_zhujiang_IMG20250712151544.jpg,0,0,0,0,0,0
CA21003_3X_zhujiang_IMG20250712151547.jpg,0,0,0,0,0,0
CA21003_6X_changjiang_IMG20250712151421.jpg,0,0,0,0,0,0
CA21003_6X_zhujiang_IMG20250712151550.jpg,0,0,0,0,0,0
CA21004_0.6X_changjiang_IMG20250712151811.jpg,0,0,0,0,0,0
CA21004_0.6X_zhujiang_IMG20250712151621.jpg,0,0,0,0,0,0
CA21004_1X_changjiang_IMG20250712151806.jpg,0,0,0,0,0,0
CA21004_1X_zhujiang_IMG20250712151617.jpg,0,2,0,0,0,0
CA21004_2X_changjiang_IMG20250712151813.jpg,0,0,0,0,0,0
CA21004_2X_zhujiang_IMG20250712151624.jpg,0,0,0,0,0,0
CA21004_3X_changjiang_IMG20250712151815.jpg,0,0,0,0,0,0
CA21004_3X_zhujiang_IMG20250712151626.jpg,0,0,0,0,0,0
CA21004_6X_changjiang_IMG20250712151819.jpg,0,0,0,0,0,0
CA21005_0.6X_changjiang_IMG20250712152003.jpg,0,0,0,0,0,0
CA21005_0.6X_zhujiang_IMG20250712154858.jpg,0,0,0,0,0,0
CA21005_1X_changjiang_IMG20250712152001.jpg,0,0,0,0,0,0
CA21005_1X_zhujiang_IMG20250712154856.jpg,0,0,0,0,0,0
CA21005_2X_changjiang_IMG20250712152005.jpg,0,0,0,0,0,0
CA21005_2X_zhujiang_IMG20250712154900.jpg,0,0,0,0,0,0
CA21005_3X_changjiang_IMG20250712152007.jpg,0,0,0,0,0,0
CA21005_3X_zhujiang_IMG20250712154902.jpg,0,0,0,0,0,0
CA21005_6X_changjiang_IMG20250712152009.jpg,0,0,0,0,0,0
CA21006P_0.6X_changjiang_IMG20250712101540.jpg,0,0,0,0,0,0
CA21006P_0.6X_zhujiang_IMG20250712101513.jpg,0,0,0,0,0,0
CA21006P_1X_changjiang_IMG20250712101539.jpg,0,0,0,0,0,0
CA21006P_1X_zhujiang_IMG20250712101511.jpg,0,0,0,0,0,0
CA21006P_3X_changjiang_IMG20250712101544.jpg,0,0,0,0,0,0
CA21006P_3X_zhujiang_IMG20250712101517.jpg,0,2,0,0,0,0
CA21006P_6X_changjiang_IMG20250712101550.jpg,0,0,0,0,0,0
CA21006P_6X_zhujiang_IMG20250712101615.jpg,0,0,0,0,0,0
CA21007_0.6X_changjiang_IMG20250712151056.jpg,0,0,0,0,0,0
CA21007_0.6X_zhujiang_IMG20250712150932.jpg,0,0,0,0,0,0
CA21007_1X_zhujiang_IMG20250712150929.jpg,0,0,0,0,0,0
CA21007_2X_changjiang_IMG20250712151058.jpg,0,0,0,0,0,0
CA21007_3X_zhujiang_IMG20250712150936.jpg,0,0,0,0,0,0
CA21007_6X_changjiang_IMG20250712151103.jpg,0,0,0,0,0,0
CA21007_6X_zhujiang_IMG20250712150938.jpg,0,0,0,0,0,0
CA21008P_2X_changjiang_IMG20250712101932.jpg,0,0,0,0,0,0
CA21008P_2X_zhujiang_IMG20250712101848.jpg,0,0,0,0,0,0
CA21008P_3X_changjiang_IMG20250712101935.jpg,0,2,0,0,0,0
CA21008P_6X_changjiang_IMG20250712101943.jpg,0,0,0,0,0,0
CA21008P_6X_zhujiang_IMG20250712102004.jpg,0,0,0,0,0,0
CA21009P_0.6X_changjiang_IMG20250712102711.jpg,0,0,0,0,0,0
CA21009P_0.6X_zhujiang_IMG20250712102619.jpg,0,0,0,0,0,0
CA21009P_1X_zhujiang_IMG20250712102615.jpg,0,0,2,0,0,0
CA21009P_2X_changjiang_IMG20250712102714.jpg,0,0,0,0,0,0
CA21009P_2X_zhujiang_IMG20250712102623.jpg,0,0,0,0,0,0
CA21009P_3X_changjiang_IMG20250712102719.jpg,0,0,0,0,0,0
CA21009P_3X_zhujiang_IMG20250712102629.jpg,0,0,0,0,0,0
CA21009P_6X_zhujiang_IMG20250712102752.jpg,0,0,0,0,0,0
CA21010_0.6X_changjiang_IMG20250712155117.jpg,0,0,0,0,0,0
CA21010_0.6X_zhujiang_IMG20250712150605.jpg,0,0,0,0,0,0
CA21010_1X_changjiang_IMG20250712155114.jpg,0,2,0,0,0,0
CA21010_1X_zhujiang_IMG20250712150603.jpg,0,0,0,0,0,0
CA21010_2X_changjiang_IMG20250712155122.jpg,0,0,0,0,0,0
CA21010_2X_zhujiang_IMG20250712150611.jpg,0,0,0,0,0,0
CA21010_3X_changjiang_IMG20250712155128.jpg,0,0,0,0,0,0
CA21010_3X_zhujiang_IMG20250712150615.jpg,0,0,0,0,0,0
CA21010_6X_changjiang_IMG20250712155132.jpg,0,0,0,0,0,0
CA21010_6X_zhujiang_IMG20250712150619.jpg,0,0,2,0,0,0
CA22002_0.6X_changjiang_IMG20250712153320.jpg,0,0,0,0,0,0
CA22002_0.6X_zhujiang_IMG20250712153255.jpg,0,0,0,0,0,0
CA22002_1X_changjiang_IMG20250712153318.jpg,2,0,0,0,0,0
CA22002_1X_zhujiang_IMG20250712153254.jpg,0,0,0,0,0,0
CA22002_2X_changjiang_IMG20250712153323.jpg,0,0,0,0,0,0
CA22002_2X_zhujiang_IMG20250712153258.jpg,0,0,0,0,0,0
CA22002_3X_changjiang_IMG20250712153326.jpg,0,0,0,0,0,0
CA22002_6X_changjiang_IMG20250712153330.jpg,0,0,0,0,0,0
CA22002_6X_zhujiang_IMG20250712153305.jpg,0,2,0,0,0,0
CA22003_0.6X_changjiang_IMG20250712153153.jpg,0,0,0,0,0,0
CA22003_1X_changjiang_IMG20250712153151.jpg,0,0,0,0,0,0
CA22003_1X_zhujiang_IMG20250712153210.jpg,0,0,0,0,0,0
CA22003_2X_changjiang_IMG20250712153156.jpg,0,0,0,0,0,0
CA22003_2X_zhujiang_IMG20250712153215.jpg,0,0,0,0,0,0
CA22003_3X_changjiang_IMG20250712153158.jpg,0,0,0,0,0,0
CA22003_3X_zhujiang_IMG20250712153217.jpg,0,2,0,0,0,0
CA22003_6X_changjiang_IMG20250712153201.jpg,0,0,0,0,0,0
CA22004_0.6X_changjiang_IMG20250712153736.jpg,0,0,0,0,0,0
CA22004_0.6X_zhujiang_IMG20250712153638.jpg,0,0,0,0,0,0
CA22004_1X_changjiang_IMG20250712153734.jpg,0,0,0,0,0,0
CA22004_1X_zhujiang_IMG20250712153636.jpg,0,0,0,0,0,0
CA22004_2X_changjiang_IMG20250712153740.jpg,0,0,0,0,0,0
CA22004_2X_zhujiang_IMG20250712153640.jpg,0,0,0,0,0,0
CA22004_3X_zhujiang_IMG20250712153643.jpg,0,0,0,0,0,0
CA22004_6X_changjiang_IMG20250712153930.jpg,0,0,0,0,0,0
SZAWBAE0010_0.6X_changjiang_IMG20250101054408.jpg,0,0,0,0,0,0
SZAWBAE0010_0.6X_zhujiang_IMG20250101044257.jpg,0,0,0,0,0,0
SZAWBAE0010_1X_changjiang_IMG20250101054412.jpg,0,0,0,0,0,0
SZAWBAE0010_1X_zhujiang_IMG20250101044259.jpg,0,0,0,0,0,0
SZAWBAE0010_2X_changjiang_IMG20250101031318.jpg,0,0,0,0,0,0
SZAWBAE0010_2X_zhujiang_IMG20250101044301.jpg,0,0,0,0,0,0
SZAWBAE0010_3X_changjiang_IMG20250101031321.jpg,0,0,0,0,0,0
SZAWBAE0010_3X_changjiang_IMG20250101054420.jpg,0,0,0,0,0,0
SZAWBAE0010_3X_zhujiang_IMG20250101044303.jpg,0,2,0,0,0,0
SZAWBAE0010_6X_changjiang_IMG20250101031324.jpg,0,0,0,0,0,0
SZAWBAE0010_6X_changjiang_IMG20250101054423.jpg,0,0,0,0,0,0
SZAWBAE0020_0.6X_zhujiang_IMG20250101044443.jpg,0,0,0,0,0,0
SZAWBAE0020_1X_changjiang_IMG20250101054830.jpg,0,0,0,2,0,0
SZAWBAE0020_1X_zhujiang_IMG20250101044445.jpg,0,0,0,0,0,0
SZAWBAE0020_2X_changjiang_IMG20250101054549.jpg,0,0,0,0,0,0
SZAWBAE0020_2X_changjiang_IMG20250101054843.jpg,0,0,0,0,0,0
SZAWBAE0020_2X_zhujiang_IMG20250101044446.jpg,0,0,0,2,0,0
SZAWBAE0020_3X_changjiang_IMG20250101054551.jpg,0,0,0,0,0,0
SZAWBAE0020_3X_changjiang_IMG20250101054848.jpg,0,0,0,0,0,0
SZAWBAE0020_3X_zhujiang_IMG20250101044450.jpg,0,0,0,2,0,0
SZAWBAE0020_6X_changjiang_IMG20250101054634.jpg,0,0,0,0,0,0
SZAWBAE0020_6X_changjiang_IMG20250101054920.jpg,0,0,0,0,0,0
SZAWBAE0030_1X_changjiang_IMG20250101054907.jpg,0,0,0,0,0,0
SZAWBAE0030_1X_zhujiang_IMG20250101044747.jpg,0,2,0,0,0,0
SZAWBAE0030_2X_zhujiang_IMG20250101044750.jpg,0,0,0,0,0,0
SZAWBAE0030_3X_changjiang_IMG20250101054915.jpg,0,0,0,0,0,0
SZAWBAE0030_3X_zhujiang_IMG20250101044753.jpg,0,0,0,0,0,0
SZAWBAE0030_6X_changjiang_IMG20250101054918.jpg,0,0,0,0,0,0
SZAWBAE0030_6X_zhujiang_IMG20250101044800.jpg,0,0,0,0,0,0
SZAWBAE0040_0.6X_changjiang_IMG20250101055030.jpg,0,0,0,0,0,0
SZAWBAE0040_1X_changjiang_IMG20250101055033.jpg,0,0,0,0,0,0
SZAWBAE0040_1X_changjiang_IMG20250101055340.jpg,0,0,0,0,0,0
SZAWBAE0040_2X_changjiang_IMG20250101055036.jpg,0,0,0,0,0,0
SZAWBAE0040_2X_changjiang_IMG20250101055343.jpg,0,0,0,0,0,0
SZAWBAE0040_2X_zhujiang_IMG20250101044932.jpg,0,0,0,0,0,0
SZAWBAE0040_3X_changjiang_IMG20250101055038.jpg,0,2,0,0,0,0
SZAWBAE0040_3X_changjiang_IMG20250101055348.jpg,0,0,0,0,0,0
SZAWBAE0040_6X_changjiang_IMG20250101055120.jpg,0,0,0,0,0,0
SZAWBAE0050_0.6X_zhujiang_IMG20250101045338.jpg,0,0,0,2,0,0
SZAWBAE0050_1X_changjiang_IMG20250101031746.jpg,0,0,0,0,2,0
SZAWBAE0050_1X_zhujiang_IMG20250101045340.jpg,0,0,0,2,0,0
SZAWBAE0050_2X_changjiang_IMG20250101055449.jpg,0,0,0,0,0,0
SZAWBAE0050_2X_zhujiang_IMG20250101045341.jpg,0,0,0,2,0,0
SZAWBAE0050_3X_zhujiang_IMG20250101045343.jpg,0,0,0,2,0,0
SZAWBAE0050_6X_changjiang_IMG20250101031753.jpg,0,0,0,0,0,0
SZAWBAE0050_6X_changjiang_IMG20250101055452.jpg,0,0,0,0,0,0
SZAWBAE0050_6X_zhujiang_IMG20250101045345.jpg,0,0,0,0,0,0
SZAWBAE0060_0.6X_changjiang_IMG20250101055616.jpg,0,0,0,0,0,0
SZAWBAE0060_0.6X_zhujiang_IMG20250101045520.jpg,0,0,0,0,0,0
SZAWBAE0060_1X_changjiang_IMG20250101055618.jpg,0,0,0,0,0,0
SZAWBAE0060_1X_zhujiang_IMG20250101045522.jpg,0,0,0,0,0,0
SZAWBAE0060_2X_changjiang_IMG20250101055619.jpg,0,0,0,0,0,0
SZAWBAE0060_2X_zhujiang_IMG20250101045523.jpg,0,0,0,0,0,0
SZAWBAE0060_3X_changjiang_IMG20250101055621.jpg,0,0,0,0,0,0
SZAWBAE0060_3X_zhujiang_IMG20250101045525.jpg,0,0,0,0,0,0
SZAWBAE0060_6X_changjiang_IMG20250101055703.jpg,0,0,0,0,0,0
SZAWBAE0060_6X_zhujiang_IMG20250101045617.jpg,0,0,0,0,0,0
SZAWBAE0070_0.6X_changjiang_IMG20250101055906.jpg,0,0,0,0,0,0
SZAWBAE0070_1X_changjiang_IMG20250101055909.jpg,0,0,0,0,0,0
SZAWBAE0070_1X_zhujiang_IMG20250101045804.jpg,0,0,0,0,0,0
SZAWBAE0070_2X_changjiang_IMG20250101055911.jpg,0,0,0,0,0,0
SZAWBAE0070_2X_zhujiang_IMG20250101045806.jpg,0,0,0,0,0,0
SZAWBAE0070_3X_changjiang_IMG20250101055913.jpg,0,0,0,0,0,0
SZAWBAE0070_3X_zhujiang_IMG20250101045809.jpg,0,0,0,0,0,0
SZAWBAE0070_6X_changjiang_IMG20250101060004.jpg,0,0,0,0,0,0
SZAWBAE0070_6X_zhujiang_IMG20250101045916.jpg,0,0,0,0,0,0
SZAWBAE0080_0.6X_changjiang_IMG20250101060448.jpg,0,0,0,0,0,0
SZAWBAE0080_0.6X_zhujiang_IMG20250101050349.jpg,0,0,0,0,0,0
SZAWBAE0080_1X_changjiang_IMG20250101060449.jpg,0,0,0,0,0,0
SZAWBAE0080_1X_zhujiang_IMG20250101050350.jpg,0,0,0,0,0,0
SZAWBAE0080_2X_zhujiang_IMG20250101050351.jpg,0,0,0,0,0,0
SZAWBAE0080_3X_changjiang_IMG20250101060453.jpg,0,0,0,0,0,0
SZAWBAE0080_3X_zhujiang_IMG20250101050353.jpg,0,0,0,0,0,0
SZAWBAE0080_6X_changjiang_IMG20250101060455.jpg,0,0,2,0,0,0
SZAWBAE0080_6X_zhujiang_IMG20250101050355.jpg,0,0,0,0,0,0
SZAWBAE0090_0.6X_changjiang_IMG20250101060736.jpg,0,0,0,0,0,0
SZAWBAE0090_0.6X_zhujiang_IMG20250101050632.jpg,0,0,0,0,0,0
SZAWBAE0090_1X_changjiang_IMG20250101032859.jpg,0,0,2,0,0,0
SZAWBAE0090_1X_changjiang_IMG20250101060738.jpg,0,0,0,0,0,0
SZAWBAE0090_1X_zhujiang_IMG20250101050634.jpg,0,2,0,0,0,0
SZAWBAE0090_2X_changjiang_IMG20250101032901.jpg,0,0,0,0,0,0
SZAWBAE0090_3X_changjiang_IMG20250101032903.jpg,0,0,0,0,0,0
SZAWBAE0090_3X_zhujiang_IMG20250101050637.jpg,0,0,0,0,0,0
SZAWBAE0090_6X_changjiang_IMG20250101032906.jpg,0,0,0,0,0,0
SZAWBAE0090_6X_zhujiang_IMG20250101050639.jpg,0,0,0,0,0,0
SZAWBAE0100_0.6X_changjiang_IMG20250101060953.jpg,0,0,0,0,0,0
SZAWBAE0100_0.6X_zhujiang_IMG20250101050843.jpg,0,0,0,0,0,0
SZAWBAE0100_1X_changjiang_IMG20250101060955.jpg,0,2,0,0,0,0
SZAWBAE0100_1X_zhujiang_IMG20250101050845.jpg,0,0,0,0,0,0
SZAWBAE0100_2X_changjiang_IMG20250101060957.jpg,0,0,0,0,0,0
SZAWBAE0100_2X_zhujiang_IMG20250101050847.jpg,0,0,0,0,0,0
SZAWBAE0100_3X_changjiang_IMG20250101061000.jpg,0,0,0,0,0,0
SZAWBAE0100_6X_changjiang_IMG20250101061002.jpg,0,0,0,0,0,0
SZAWBAE0100_6X_zhujiang_IMG20250101050852.jpg,0,0,0,0,0,0
SZAWBAE0110_0.6X_changjiang_IMG20250101061311.jpg,0,0,0,0,0,0
SZAWBAE0110_0.6X_zhujiang_IMG20250101051028.jpg,0,0,0,0,0,0
SZAWBAE0110_1X_changjiang_IMG20250101033421.jpg,0,0,0,0,0,0
SZAWBAE0110_1X_changjiang_IMG20250101061313.jpg,0,0,0,0,0,0
SZAWBAE0110_1X_zhujiang_IMG20250101051031.jpg,0,0,0,0,0,0
SZAWBAE0110_2X_changjiang_IMG20250101033424.jpg,0,0,0,0,0,0
SZAWBAE0110_3X_changjiang_IMG20250101033426.jpg,0,0,0,0,0,0
SZAWBAE0110_3X_changjiang_IMG20250101061317.jpg,0,0,0,0,0,0
SZAWBAE0110_3X_zhujiang_IMG20250101051036.jpg,0,0,0,0,0,0
SZAWBAE0110_6X_changjiang_IMG20250101033429.jpg,2,0,0,0,0,0
SZAWBAE0110_6X_zhujiang_IMG20250101051038.jpg,0,0,2,0,0,0
SZAWBAE0120_0.6X_changjiang_IMG20250101062705.jpg,0,0,0,0,0,0
SZAWBAE0120_1X_changjiang_IMG20250101062707.jpg,0,0,0,2,0,0
SZAWBAE0120_1X_zhujiang_IMG20250101052700.jpg,0,0,0,0,0,0
SZAWBAE0120_2X_changjiang_IMG20250101062708.jpg,0,0,0,2,0,0
SZAWBAE0120_2X_zhujiang_IMG20250101052701.jpg,0,0,0,0,0,0
SZAWBAE0120_3X_zhujiang_IMG20250101052704.jpg,0,0,0,0,0,0
SZAWBAE0120_6X_changjiang_IMG20250101062713.jpg,0,0,0,0,0,0
SZAWBAE0120_6X_zhujiang_IMG20250101052707.jpg,0,0,0,0,0,0
SZAWBAE0130_0.6X_zhujiang_IMG20250101052958.jpg,0,0,0,0,0,0
SZAWBAE0130_1X_changjiang_IMG20250101033958.jpg,0,0,0,0,0,0
SZAWBAE0130_1X_changjiang_IMG20250101063018.jpg,0,0,0,0,0,0
SZAWBAE0130_1X_zhujiang_IMG20250101052959.jpg,0,0,0,0,0,0
SZAWBAE0130_2X_changjiang_IMG20250101034000.jpg,2,0,0,0,0,0
SZAWBAE0130_2X_changjiang_IMG20250101063019.jpg,0,0,0,0,0,0
SZAWBAE0130_2X_zhujiang_IMG20250101053001.jpg,0,0,0,0,0,0
SZAWBAE0130_3X_changjiang_IMG20250101034002.jpg,2,0,0,0,0,0
SZAWBAE0130_3X_changjiang_IMG20250101063021.jpg,0,0,0,0,0,0
SZAWBAE0130_3X_zhujiang_IMG20250101053002.jpg,0,0,0,0,0,0
SZAWBAE0130_6X_changjiang_IMG20250101034009.jpg,2,0,0,0,0,0
SZAWBAE0130_6X_changjiang_IMG20250101063023.jpg,0,0,0,0,0,0
SZAWBAE0130_6X_zhujiang_IMG20250101053004.jpg,0,0,0,0,0,0
SZAWBAE0140_0.6X_changjiang_IMG20250101063410.jpg,0,0,0,0,0,0
SZAWBAE0140_0.6X_zhujiang_IMG20250101053356.jpg,0,0,0,0,0,0
SZAWBAE0140_1X_changjiang_IMG20250101034408.jpg,0,0,0,0,0,0
SZAWBAE0140_1X_changjiang_IMG20250101063411.jpg,0,0,0,2,0,0
SZAWBAE0140_1X_zhujiang_IMG20250101053357.jpg,0,0,0,2,0,0
SZAWBAE0140_2X_changjiang_IMG20250101063417.jpg,0,0,0,0,0,0
SZAWBAE0140_3X_changjiang_IMG20250101034412.jpg,0,0,0,0,0,0
SZAWBAE0140_3X_zhujiang_IMG20250101053400.jpg,0,0,0,0,0,0
SZAWBAE0140_6X_changjiang_IMG20250101034416.jpg,0,0,0,0,0,0
SZAWBAE0140_6X_changjiang_IMG20250101063420.jpg,0,0,0,0,0,0
SZAWBAE0140_6X_zhujiang_IMG20250101053401.jpg,0,0,0,0,0,0
SZAWBAE0150_0.6X_zhujiang_IMG20250101053509.jpg,0,2,0,0,0,0
SZAWBAE0150_1X_changjiang_IMG20250101061113.jpg,0,0,0,0,0,0
SZAWBAE0150_1X_changjiang_IMG20250101063531.jpg,0,0,0,0,0,0
SZAWBAE0150_1X_zhujiang_IMG20250101053510.jpg,0,2,0,0,0,0
SZAWBAE0150_2X_changjiang_IMG20250101061116.jpg,0,0,0,0,0,0
SZAWBAE0150_2X_changjiang_IMG20250101063533.jpg,0,0,0,0,0,0
SZAWBAE0150_2X_zhujiang_IMG20250101053512.jpg,0,0,0,0,0,0
SZAWBAE0150_3X_changjiang_IMG20250101061120.jpg,0,0,0,0,0,0
SZAWBAE0150_3X_changjiang_IMG20250101063534.jpg,0,0,0,0,0,0
SZAWBAE0150_3X_zhujiang_IMG20250101053514.jpg,0,0,0,0,0,0
SZAWBAE0150_6X_changjiang_IMG20250101061128.jpg,0,0,0,0,0,0
SZAWBAE0150_6X_changjiang_IMG20250101063619.jpg,0,0,0,0,0,0
SZAWBAE0160_0.6X_zhujiang_IMG20250101053818.jpg,0,0,0,0,0,0
SZAWBAE0160_1X_changjiang_IMG20250101063833.jpg,0,2,0,0,0,0
SZAWBAE0160_1X_zhujiang_IMG20250101053819.jpg,0,0,0,2,0,0
SZAWBAE0160_2X_changjiang_IMG20250101034649.jpg,0,0,0,0,0,0
SZAWBAE0160_2X_changjiang_IMG20250101063837.jpg,0,0,0,0,0,0
SZAWBAE0160_2X_zhujiang_IMG20250101053821.jpg,0,0,0,2,0,0
SZAWBAE0160_3X_changjiang_IMG20250101034652.jpg,0,0,0,0,0,0
SZAWBAE0160_3X_zhujiang_IMG20250101053823.jpg,0,0,0,0,0,0
SZAWBAE0160_6X_zhujiang_IMG20250101053825.jpg,0,0,2,0,0,0
SZAWBAE0170_0.6X_changjiang_IMG20250101064001.jpg,0,0,0,0,0,0
SZAWBAE0170_0.6X_zhujiang_IMG20250101053947.jpg,0,0,0,0,0,0
SZAWBAE0170_1X_changjiang_IMG20250101064004.jpg,0,0,0,0,0,0
SZAWBAE0170_2X_changjiang_IMG20250101064008.jpg,0,0,0,0,0,0
SZAWBAE0170_2X_zhujiang_IMG20250101053950.jpg,0,0,0,0,0,0
SZAWBAE0170_3X_changjiang_IMG20250101064012.jpg,0,2,0,0,0,0
SZAWBAE0170_3X_zhujiang_IMG20250101053954.jpg,0,0,0,0,0,0
SZAWBAE0170_6X_changjiang_IMG20250101064106.jpg,0,0,0,0,0,0
SZAWBAE0170_6X_zhujiang_IMG20250101054042.jpg,0,0,0,0,0,0
SZAWBAE0180_0.6X_changjiang_IMG20250101064457.jpg,0,0,0,0,0,0
SZAWBAE0180_0.6X_zhujiang_IMG20250101054444.jpg,0,0,0,0,0,0
SZAWBAE0180_1X_changjiang_IMG20250101064501.jpg,0,0,0,0,0,0
SZAWBAE0180_1X_zhujiang_IMG20250101054446.jpg,0,0,0,0,0,0
SZAWBAE0180_2X_changjiang_IMG20250101064505.jpg,0,0,0,0,0,0
SZAWBAE0180_2X_zhujiang_IMG20250101054449.jpg,0,0,0,2,0,0
SZAWBAE0180_3X_changjiang_IMG20250101064509.jpg,0,2,0,0,0,0
SZAWBAE0180_3X_zhujiang_IMG20250101054452.jpg,0,0,0,0,0,0
SZAWBAE0180_6X_changjiang_IMG20250101064610.jpg,0,0,0,0,0,0
SZAWBAE0180_6X_zhujiang_IMG20250101054549.jpg,0,0,0,0,0,0
SZAWBAE0190_0.6X_changjiang_IMG20250101064739.jpg,0,0,0,0,0,0
SZAWBAE0190_0.6X_zhujiang_IMG20250101054727.jpg,0,0,0,0,0,0
SZAWBAE0190_1X_changjiang_IMG20250101064742.jpg,0,0,0,0,0,0
SZAWBAE0190_1X_zhujiang_IMG20250101054729.jpg,0,0,0,2,0,0
SZAWBAE0190_2X_changjiang_IMG20250101064745.jpg,0,0,0,0,0,0
SZAWBAE0190_3X_changjiang_IMG20250101064747.jpg,0,0,0,0,0,0
SZAWBAE0190_6X_changjiang_IMG20250101064749.jpg,0,0,0,0,0,0
SZAWBAE0200_0.6X_changjiang_IMG20250101064948.jpg,0,0,0,0,0,0
SZAWBAE0200_0.6X_zhujiang_IMG20250101054934.jpg,0,0,0,0,0,0
SZAWBAE0200_1X_changjiang_IMG20250101035130.jpg,0,0,2,0,0,0
SZAWBAE0200_1X_changjiang_IMG20250101064951.jpg,0,0,0,0,0,0
SZAWBAE0200_1X_zhujiang_IMG20250101054936.jpg,0,0,0,2,0,0
SZAWBAE0200_2X_changjiang_IMG20250101035133.jpg,0,0,0,0,0,0
SZAWBAE0200_2X_changjiang_IMG20250101064953.jpg,0,0,0,0,0,0
SZAWBAE0200_2X_zhujiang_IMG20250101054938.jpg,0,0,0,0,0,0
SZAWBAE0200_3X_changjiang_IMG20250101035135.jpg,0,0,2,0,0,0
SZAWBAE0200_3X_zhujiang_IMG20250101054941.jpg,0,0,0,0,0,0
SZAWBAE0200_6X_changjiang_IMG20250101035138.jpg,0,0,2,0,0,0
SZAWBAE0200_6X_changjiang_IMG20250101064958.jpg,0,0,0,0,0,0
SZAWBAE0210_0.6X_changjiang_IMG20250101065238.jpg,0,0,0,0,0,0
SZAWBAE0210_0.6X_zhujiang_IMG20250101055224.jpg,0,0,0,0,2,0
SZAWBAE0210_1X_changjiang_IMG20250101035353.jpg,0,0,0,0,0,0
SZAWBAE0210_1X_changjiang_IMG20250101065240.jpg,0,0,0,0,0,0
SZAWBAE0210_1X_zhujiang_IMG20250101055225.jpg,0,0,0,0,0,0
SZAWBAE0210_2X_changjiang_IMG20250101035355.jpg,2,0,0,0,0,0
SZAWBAE0210_2X_changjiang_IMG20250101065241.jpg,0,0,0,0,0,0
SZAWBAE0210_2X_zhujiang_IMG20250101055228.jpg,0,0,0,0,0,0
SZAWBAE0210_3X_changjiang_IMG20250101035358.jpg,2,0,0,0,0,0
SZAWBAE0210_3X_changjiang_IMG20250101065243.jpg,0,2,0,0,0,0
SZAWBAE0210_3X_zhujiang_IMG20250101055230.jpg,0,0,0,0,0,0
SZAWBAE0210_6X_changjiang_IMG20250101035401.jpg,2,0,0,0,0,0
SZAWBAE0210_6X_changjiang_IMG20250101065246.jpg,0,0,0,0,0,0
SZAWBAE0220_0.6X_changjiang_IMG20250101065415.jpg,0,0,0,0,0,0
SZAWBAE0220_0.6X_zhujiang_IMG20250101055400.jpg,0,0,0,0,0,0
SZAWBAE0220_1X_changjiang_IMG20250101035454.jpg,2,0,0,0,0,0
SZAWBAE0220_1X_changjiang_IMG20250101065418.jpg,0,2,0,0,0,0
SZAWBAE0220_1X_zhujiang_IMG20250101055402.jpg,0,0,0,0,0,0
SZAWBAE0220_2X_changjiang_IMG20250101035457.jpg,3,0,0,0,0,0
SZAWBAE0220_2X_changjiang_IMG20250101065421.jpg,0,0,0,0,0,0
SZAWBAE0220_3X_changjiang_IMG20250101035633.jpg,2,0,0,0,0,0
SZAWBAE0220_3X_changjiang_IMG20250101065424.jpg,0,0,0,0,0,0
SZAWBAE0220_3X_zhujiang_IMG20250101055406.jpg,0,0,0,0,0,0
SZAWBAE0220_6X_changjiang_IMG20250101035636.jpg,3,0,0,0,0,0
SZAWBAE0220_6X_changjiang_IMG20250101065515.jpg,0,0,0,0,0,0
SZAWBAE0220_6X_zhujiang_IMG20250101055452.jpg,0,0,0,0,0,0
SZAWBAE0230_0.6X_changjiang_IMG20250101065815.jpg,0,0,0,0,0,0
SZAWBAE0230_0.6X_zhujiang_IMG20250101055757.jpg,0,0,0,0,0,0
SZAWBAE0230_1X_changjiang_IMG20250101065817.jpg,0,2,0,0,0,0
SZAWBAE0230_1X_zhujiang_IMG20250101055759.jpg,0,0,0,0,0,0
SZAWBAE0230_2X_changjiang_IMG20250101065818.jpg,0,0,0,0,0,0
SZAWBAE0230_2X_zhujiang_IMG20250101055801.jpg,0,0,0,0,0,0
SZAWBAE0230_3X_changjiang_IMG20250101065821.jpg,0,0,0,0,0,0
SZAWBAE0230_3X_zhujiang_IMG20250101055805.jpg,0,0,0,0,0,0
SZAWBAE0230_6X_zhujiang_IMG20250101055857.jpg,0,0,0,0,0,0
SZAWBAE0240_0.6X_zhujiang_IMG20250101060051.jpg,0,0,0,0,0,0
SZAWBAE0240_1X_changjiang_IMG20250101070108.jpg,0,0,0,0,0,0
SZAWBAE0240_1X_zhujiang_IMG20250101060053.jpg,0,0,0,0,2,0
SZAWBAE0240_2X_changjiang_IMG20250101070110.jpg,0,0,0,0,0,0
SZAWBAE0240_3X_zhujiang_IMG20250101060056.jpg,0,0,0,0,0,0
SZAWBAE0240_6X_changjiang_IMG20250101070114.jpg,0,0,0,0,0,0
SZAWBAE0240_6X_zhujiang_IMG20250101060058.jpg,0,0,0,0,0,0
SZAWBAE0250_0.6X_changjiang_IMG20250101070234.jpg,0,0,0,0,0,0
SZAWBAE0250_1X_changjiang_IMG20250101070237.jpg,0,0,0,0,0,0
SZAWBAE0250_1X_zhujiang_IMG20250101060222.jpg,0,0,0,0,0,0
SZAWBAE0250_2X_changjiang_IMG20250101070241.jpg,0,0,0,0,0,0
SZAWBAE0250_2X_zhujiang_IMG20250101060223.jpg,0,0,0,0,0,0
SZAWBAE0250_3X_zhujiang_IMG20250101060226.jpg,0,0,0,0,0,0
SZAWBAE0270_0.6X_changjiang_IMG20250101070812.jpg,0,0,0,0,0,0
SZAWBAE0270_1X_changjiang_IMG20250101062235.jpg,0,0,0,0,0,0
SZAWBAE0270_1X_changjiang_IMG20250101070815.jpg,0,0,0,0,0,0
SZAWBAE0270_1X_zhujiang_IMG20250101060758.jpg,0,0,0,2,0,0
SZAWBAE0270_2X_changjiang_IMG20250101062238.jpg,0,0,0,0,0,0
SZAWBAE0270_2X_changjiang_IMG20250101070817.jpg,0,0,0,0,0,0
SZAWBAE0270_2X_zhujiang_IMG20250101060800.jpg,0,0,0,2,0,0
SZAWBAE0270_3X_changjiang_IMG20250101062242.jpg,0,0,0,0,0,0
SZAWBAE0270_3X_changjiang_IMG20250101070820.jpg,0,0,0,0,0,0
SZAWBAE0270_3X_zhujiang_IMG20250101060803.jpg,0,0,0,2,0,0
SZAWBAE0270_6X_changjiang_IMG20250101062317.jpg,0,0,0,0,0,0
SZAWBAE0270_6X_changjiang_IMG20250101070921.jpg,0,0,0,0,0,0
SZAWBAE0270_6X_zhujiang_IMG20250101060857.jpg,0,0,0,0,0,0
SZAWBAE0280_1X_changjiang_IMG20250101040036.jpg,2,0,0,0,0,0
SZAWBAE0280_2X_changjiang_IMG20250101040038.jpg,2,0,0,0,0,0
SZAWBAE0280_3X_changjiang_IMG20250101040041.jpg,0,0,0,0,0,0
SZAWBAE0280_6X_changjiang_IMG20250101040142.jpg,2,0,0,0,0,0
SZAWBAE0281_1X_changjiang_IMG20250101040338.jpg,0,0,0,0,0,0
SZAWBAE0281_2X_changjiang_IMG20250101040340.jpg,0,0,0,0,0,0
SZAWBAE0281_3X_changjiang_IMG20250101040343.jpg,0,0,0,0,0,0
SZAWBAE0281_6X_changjiang_IMG20250101040413.jpg,0,0,0,0,0,0
SZAWBAE0300_0.6X_zhujiang_IMG20250102032808.jpg,0,0,0,0,0,0
SZAWBAE0300_1X_changjiang_IMG20250101043246.jpg,2,0,0,0,0,0
SZAWBAE0300_1X_changjiang_IMG20250102042824.jpg,0,2,0,0,0,0
SZAWBAE0300_1X_zhujiang_IMG20250102032810.jpg,0,0,0,0,0,0
SZAWBAE0300_3X_changjiang_IMG20250101043250.jpg,0,0,2,0,0,0
SZAWBAE0300_3X_changjiang_IMG20250102042831.jpg,0,0,0,0,0,0
SZAWBAE0300_6X_changjiang_IMG20250102042955.jpg,0,0,0,0,0,0
SZAWBAE0310_0.6X_changjiang_IMG20250102043229.jpg,0,0,0,0,0,0
SZAWBAE0310_0.6X_zhujiang_IMG20250102033134.jpg,0,2,0,0,0,0
SZAWBAE0310_1X_changjiang_IMG20250102043231.jpg,0,0,0,0,0,0
SZAWBAE0310_2X_changjiang_IMG20250102043236.jpg,0,0,0,0,0,0
SZAWBAE0310_2X_zhujiang_IMG20250102033141.jpg,0,2,0,0,0,0
SZAWBAE0310_3X_zhujiang_IMG20250102033144.jpg,0,2,0,0,0,0
SZAWBAE0310_6X_changjiang_IMG20250102043310.jpg,0,0,0,0,0,0
SZAWBAE0310_6X_zhujiang_IMG20250102033147.jpg,0,0,0,2,0,0
SZAWBAE0320_0.6X_changjiang_IMG20250102043645.jpg,0,0,0,0,0,0
SZAWBAE0320_0.6X_zhujiang_IMG20250102033551.jpg,0,0,0,0,0,0
SZAWBAE0320_1X_changjiang_IMG20250101043536.jpg,2,0,0,0,0,0
SZAWBAE0320_1X_changjiang_IMG20250102043647.jpg,0,0,0,0,0,0
SZAWBAE0320_1X_zhujiang_IMG20250102033553.jpg,0,0,0,0,0,0
SZAWBAE0320_2X_changjiang_IMG20250101043539.jpg,2,0,0,0,0,0
SZAWBAE0320_2X_changjiang_IMG20250102043650.jpg,0,0,0,0,0,0
SZAWBAE0320_3X_changjiang_IMG20250101043542.jpg,2,0,0,0,0,0
SZAWBAE0320_3X_changjiang_IMG20250102043703.jpg,0,0,0,0,0,0
SZAWBAE0320_3X_zhujiang_IMG20250102033600.jpg,0,0,0,0,0,0
SZAWBAE0320_6X_changjiang_IMG20250101043545.jpg,2,0,0,0,0,0
SZAWBAE0320_6X_changjiang_IMG20250102043747.jpg,0,0,0,0,0,0
SZAWBAE0330_0.6X_changjiang_IMG20250102044134.jpg,0,0,0,0,0,0
SZAWBAE0330_1X_changjiang_IMG20250102044137.jpg,0,0,0,0,0,0
SZAWBAE0330_2X_changjiang_IMG20250102044139.jpg,0,0,0,0,0,0
SZAWBAE0330_2X_zhujiang_IMG20250102034045.jpg,0,2,0,0,0,0
SZAWBAE0330_3X_changjiang_IMG20250102044144.jpg,0,0,0,0,0,0
SZAWBAE0330_3X_zhujiang_IMG20250102034048.jpg,0,2,0,0,0,0
SZAWBAE0330_6X_changjiang_IMG20250102044148.jpg,0,0,0,0,0,0
SZAWBAE0330_6X_zhujiang_IMG20250102034052.jpg,0,0,0,0,0,0
SZAWBAE0340_0.6X_changjiang_IMG20250105064836 - 副本.jpg,0,0,0,0,0,0
SZAWBAE0340_1X_changjiang_IMG20250105064836.jpg,0,0,0,0,0,0
SZAWBAE0340_1X_zhujiang_IMG20250101052435.jpg,0,0,0,2,2,0
SZAWBAE0340_2X_changjiang_IMG20250105064838.jpg,0,0,0,0,0,0
SZAWBAE0340_2X_zhujiang_IMG20250101052437.jpg,0,2,0,0,0,0
SZAWBAE0340_3X_changjiang_IMG20250105064841.jpg,0,0,0,0,0,0
SZAWBAE0340_3X_zhujiang_IMG20250101052441.jpg,0,0,0,2,0,0
SZAWBAE0340_6X_zhujiang_IMG20250101052443.jpg,0,0,0,2,0,0
SZAWBAE0350_0.6X_changjiang_IMG20250105065630.jpg,0,0,0,0,0,0
SZAWBAE0350_0.6X_zhujiang_IMG20250101053254.jpg,0,0,0,2,0,0
SZAWBAE0350_1X_changjiang_IMG20250105065632.jpg,0,0,0,2,0,0
SZAWBAE0350_1X_zhujiang_IMG20250101053256.jpg,0,0,0,2,0,0
SZAWBAE0350_2X_changjiang_IMG20250105065634.jpg,0,0,0,2,0,0
SZAWBAE0350_2X_zhujiang_IMG20250101053258.jpg,0,0,0,2,0,0
SZAWBAE0350_3X_changjiang_IMG20250105065636.jpg,0,0,0,0,0,0
SZAWBAE0350_3X_zhujiang_IMG20250101053300.jpg,0,0,0,0,0,0
SZAWBAE0360_0.6X_changjiang_IMG20250105063454.jpg,0,0,0,0,0,0
SZAWBAE0360_0.6X_zhujiang_IMG20250101051119.jpg,0,0,0,0,0,0
SZAWBAE0360_1X_changjiang_IMG20250105063456.jpg,0,0,0,0,0,0
SZAWBAE0360_2X_changjiang_IMG20250101045750.jpg,0,0,2,0,0,0
SZAWBAE0360_2X_changjiang_IMG20250105063457.jpg,0,0,0,0,0,0
SZAWBAE0360_2X_zhujiang_IMG20250101051123.jpg,0,0,0,0,0,0
SZAWBAE0360_3X_changjiang_IMG20250101045751.jpg,0,0,0,0,0,0
SZAWBAE0360_3X_changjiang_IMG20250105063459.jpg,0,0,0,0,0,0
SZAWBAE0360_3X_zhujiang_IMG20250101051124.jpg,0,0,0,0,0,0
SZAWBAE0360_6X_changjiang_IMG20250101045754.jpg,2,0,0,0,0,0
SZAWBAE0360_6X_changjiang_IMG20250105063501.jpg,0,0,0,0,0,0
SZAWBAE0360_6X_zhujiang_IMG20250101051126.jpg,0,0,0,0,0,0
SZAWBAE0370_0.6X_changjiang_IMG20250105063303.jpg,0,0,0,0,0,0
SZAWBAE0370_0.6X_zhujiang_IMG20250101050928.jpg,0,0,0,2,0,0
SZAWBAE0370_1X_changjiang_IMG20250105063305.jpg,0,0,0,0,0,0
SZAWBAE0370_1X_zhujiang_IMG20250101050930.jpg,0,0,2,0,0,0
SZAWBAE0370_3X_changjiang_IMG20250105063308.jpg,0,0,0,0,0,0
SZAWBAE0370_3X_zhujiang_IMG20250101050933.jpg,0,0,0,0,0,0
SZAWBAE0370_6X_changjiang_IMG20250105063402.jpg,0,0,0,0,0,0
SZAWBAE0370_6X_zhujiang_IMG20250101051030.jpg,0,0,0,0,0,0
SZAWBAE0380_1X_changjiang_IMG20250101050231.jpg,0,0,2,0,0,0
SZAWBAE0380_1X_changjiang_IMG20250105063012.jpg,0,0,0,0,0,2
SZAWBAE0380_1X_zhujiang_IMG20250101050639.jpg,0,0,0,2,0,0
SZAWBAE0380_2X_changjiang_IMG20250101050232.jpg,2,0,0,0,0,0
SZAWBAE0380_2X_changjiang_IMG20250105063014.jpg,0,0,0,2,0,0
SZAWBAE0380_3X_changjiang_IMG20250105063016.jpg,0,0,0,0,0,0
SZAWBAE0380_3X_zhujiang_IMG20250101050642.jpg,0,0,0,2,0,0
SZAWBAE0380_6X_changjiang_IMG20250101050238.jpg,0,0,2,0,0,0
SZAWBAE0380_6X_changjiang_IMG20250105063018.jpg,0,0,0,0,0,0
SZAWBAE0380_6X_zhujiang_IMG20250101050644.jpg,0,0,0,0,0,0
SZAWBAE0390_0.6X_zhujiang_IMG20250101050421.jpg,0,0,0,0,0,0
SZAWBAE0390_1X_changjiang_IMG20250101050436.jpg,0,0,0,0,0,0
SZAWBAE0390_1X_changjiang_IMG20250105062756.jpg,0,0,0,0,0,0
SZAWBAE0390_1X_zhujiang_IMG20250101050422.jpg,0,0,0,0,0,0
SZAWBAE0390_2X_changjiang_IMG20250105062757.jpg,0,2,0,0,0,0
SZAWBAE0390_3X_changjiang_IMG20250101050457.jpg,2,0,0,0,0,0
SZAWBAE0390_3X_changjiang_IMG20250105062759.jpg,0,0,0,0,0,0
SZAWBAE0390_3X_zhujiang_IMG20250101050426.jpg,0,0,0,0,0,0
SZAWBAE0390_6X_changjiang_IMG20250101050502.jpg,2,0,0,0,0,0
SZAWBAE0390_6X_zhujiang_IMG20250101050517.jpg,0,0,0,0,0,0
SZAWBAE0400_0.6X_changjiang_IMG20250105062423.jpg,0,0,0,0,0,0
SZAWBAE0400_0.6X_zhujiang_IMG20250101050047.jpg,0,0,0,0,0,0
SZAWBAE0400_1X_changjiang_IMG20250105062425.jpg,0,0,0,0,0,0
SZAWBAE0400_1X_zhujiang_IMG20250101050049.jpg,0,0,0,0,0,0
SZAWBAE0400_2X_changjiang_IMG20250105062426.jpg,0,0,0,0,0,0
SZAWBAE0400_2X_zhujiang_IMG20250101050050.jpg,0,0,0,0,0,0
SZAWBAE0400_3X_changjiang_IMG20250105062428.jpg,0,0,0,0,0,0
SZAWBAE0400_6X_changjiang_IMG20250105062524.jpg,0,0,0,0,0,0
SZAWBAE0400_6X_zhujiang_IMG20250101050153.jpg,0,0,0,0,0,0
SZAWBAE0410_0.6X_changjiang_IMG20250105062109.jpg,0,0,0,0,0,0
SZAWBAE0410_0.6X_zhujiang_IMG20250101045733.jpg,0,2,0,0,0,0
SZAWBAE0410_1X_changjiang_IMG20250105062110.jpg,0,0,0,0,0,0
SZAWBAE0410_1X_zhujiang_IMG20250101045735.jpg,0,0,0,0,0,0
SZAWBAE0410_2X_changjiang_IMG20250105062112.jpg,0,0,0,0,0,0
SZAWBAE0410_2X_zhujiang_IMG20250101045737.jpg,0,0,0,0,0,0
SZAWBAE0410_3X_changjiang_IMG20250105062114.jpg,0,0,0,0,0,0
SZAWBAE0410_3X_zhujiang_IMG20250101045738.jpg,0,0,0,0,0,0
SZAWBAE0410_6X_changjiang_IMG20250105062116.jpg,0,0,0,0,0,0
SZAWBAE0410_6X_zhujiang_IMG20250101045740.jpg,0,0,0,0,0,0
SZAWBAE0420_0.6X_changjiang_IMG20250105061849.jpg,0,0,0,0,0,0
SZAWBAE0420_0.6X_zhujiang_IMG20250101045515.jpg,0,0,0,0,0,0
SZAWBAE0420_1X_changjiang_IMG20250105061851.jpg,0,0,0,0,0,0
SZAWBAE0420_1X_zhujiang_IMG20250101045517.jpg,0,0,0,0,0,0
SZAWBAE0420_2X_changjiang_IMG20250105061852.jpg,0,2,0,0,0,0
SZAWBAE0420_2X_zhujiang_IMG20250101045518.jpg,0,0,0,0,0,0
SZAWBAE0420_3X_changjiang_IMG20250105061855.jpg,0,0,0,0,0,0
SZAWBAE0420_3X_zhujiang_IMG20250101045521.jpg,0,0,0,0,0,0
SZAWBAE0420_6X_changjiang_IMG20250105061948.jpg,0,0,0,0,0,0
SZAWBAE0420_6X_zhujiang_IMG20250101045620.jpg,0,0,0,0,0,0
SZAWBAE0430_0.6X_changjiang_IMG20250105061620.jpg,0,0,0,0,0,0
SZAWBAE0430_1X_changjiang_IMG20250105061621.jpg,0,0,0,3,0,0
SZAWBAE0430_1X_zhujiang_IMG20250101045243.jpg,0,0,0,0,0,0
SZAWBAE0430_2X_changjiang_IMG20250105061623.jpg,0,0,0,2,0,0
SZAWBAE0430_2X_zhujiang_IMG20250101045245.jpg,0,0,0,0,0,0
SZAWBAE0430_3X_changjiang_IMG20250105061625.jpg,0,0,0,0,0,0
SZAWBAE0430_3X_zhujiang_IMG20250101045248.jpg,0,0,0,2,0,0
SZAWBAE0430_6X_changjiang_IMG20250105061628.jpg,0,0,0,0,0,0
SZAWBAE0430_6X_zhujiang_IMG20250101045251.jpg,0,0,0,2,0,0
SZAWBAE0440_0.6X_changjiang_IMG20250105061117.jpg,0,0,0,0,0,0
SZAWBAE0440_1X_changjiang_IMG20250101051353.jpg,2,0,0,0,0,0
SZAWBAE0440_1X_zhujiang_IMG20250101044743.jpg,0,0,0,2,0,0
SZAWBAE0440_2X_changjiang_IMG20250101051355.jpg,2,0,0,0,0,0
SZAWBAE0440_2X_changjiang_IMG20250105061121.jpg,0,0,0,0,0,0
SZAWBAE0440_2X_zhujiang_IMG20250101044745.jpg,0,0,0,2,0,0
SZAWBAE0440_3X_changjiang_IMG20250101051358.jpg,2,0,0,0,0,0
SZAWBAE0440_3X_zhujiang_IMG20250101044747.jpg,0,2,0,0,0,0
SZAWBAE0440_6X_changjiang_IMG20250101051401.jpg,2,0,0,0,0,0
SZAWBAE0450_0.6X_changjiang_IMG20250105060803.jpg,0,0,0,0,0,0
SZAWBAE0450_0.6X_zhujiang_IMG20250101044423.jpg,0,2,0,0,0,0
SZAWBAE0450_1X_zhujiang_IMG20250101044424.jpg,0,2,0,0,0,0
SZAWBAE0450_2X_changjiang_IMG20250105060808.jpg,0,0,0,0,0,0
SZAWBAE0450_2X_zhujiang_IMG20250101044426.jpg,0,2,0,0,0,0
SZAWBAE0450_3X_changjiang_IMG20250105060810.jpg,0,0,0,0,0,0
SZAWBAE0450_3X_zhujiang_IMG20250101044427.jpg,0,0,0,0,0,0
SZAWBAE0450_6X_changjiang_IMG20250105060813.jpg,0,0,0,0,0,0
SZAWBAE0450_6X_zhujiang_IMG20250101044430.jpg,0,0,0,0,0,0
SZAWBAE0460_0.6X_changjiang_IMG20250105065940.jpg,0,0,0,0,0,0
SZAWBAE0460_0.6X_zhujiang_IMG20250101053602.jpg,0,0,0,0,0,0
SZAWBAE0460_1X_changjiang_IMG20250105065942.jpg,0,0,0,0,0,0
SZAWBAE0460_2X_changjiang_IMG20250105065943.jpg,0,0,0,0,0,0
SZAWBAE0460_2X_zhujiang_IMG20250101053606.jpg,0,0,0,0,0,0
SZAWBAE0460_3X_changjiang_IMG20250105065945.jpg,0,0,0,0,0,0
SZAWBAE0460_6X_changjiang_IMG20250105065948.jpg,0,0,0,0,0,0
SZAWBAE0470_0.6X_changjiang_IMG20250105070303.jpg,0,0,0,0,0,0
SZAWBAE0470_0.6X_zhujiang_IMG20250101053922.jpg,0,2,0,0,0,0
SZAWBAE0470_1X_zhujiang_IMG20250101053924.jpg,0,2,0,0,0,0
SZAWBAE0470_2X_changjiang_IMG20250105070306.jpg,0,0,0,0,0,0
SZAWBAE0470_2X_zhujiang_IMG20250101053926.jpg,0,0,0,0,0,0
SZAWBAE0470_3X_changjiang_IMG20250105070308.jpg,0,0,0,0,0,0
SZAWBAE0470_3X_zhujiang_IMG20250101053928.jpg,0,0,0,0,0,0
SZAWBAE0470_6X_changjiang_IMG20250105070310.jpg,0,0,0,0,0,0
SZAWBAE0470_6X_zhujiang_IMG20250101053930.jpg,0,0,0,0,0,0
SZAWBAE0480_0.6X_changjiang_IMG20250105060521.jpg,0,0,0,0,0,0
SZAWBAE0480_0.6X_zhujiang_IMG20250101044147.jpg,0,2,0,0,0,0
SZAWBAE0480_1X_changjiang_IMG20250105060524.jpg,0,0,0,0,0,2
SZAWBAE0480_1X_zhujiang_IMG20250101044148.jpg,0,0,0,0,0,0
SZAWBAE0480_2X_zhujiang_IMG20250101044150.jpg,0,0,0,0,0,0
SZAWBAE0480_3X_changjiang_IMG20250105060529.jpg,0,0,0,0,0,0
SZAWBAE0480_3X_zhujiang_IMG20250101044153.jpg,0,0,0,0,0,0
SZAWBAE0480_6X_changjiang_IMG20250105060627.jpg,0,0,0,0,0,0
SZAWBAE0480_6X_zhujiang_IMG20250101044259.jpg,0,0,0,0,0,0
SZAWBAE0490_0.6X_changjiang_IMG20250105060308.jpg,0,0,0,0,0,0
SZAWBAE0490_0.6X_zhujiang_IMG20250101043929.jpg,0,0,0,0,0,0
SZAWBAE0490_1X_changjiang_IMG20250101051723.jpg,0,0,0,0,0,0
SZAWBAE0490_1X_changjiang_IMG20250105060310.jpg,0,0,0,0,0,0
SZAWBAE0490_1X_zhujiang_IMG20250101043932.jpg,0,2,0,0,0,0
SZAWBAE0490_2X_changjiang_IMG20250101051727.jpg,2,0,0,0,0,0
SZAWBAE0490_2X_changjiang_IMG20250105060313.jpg,0,0,0,0,0,0
SZAWBAE0490_2X_zhujiang_IMG20250101043934.jpg,0,0,0,0,0,0
SZAWBAE0490_3X_changjiang_IMG20250101051935.jpg,0,0,0,0,0,0
SZAWBAE0490_3X_changjiang_IMG20250105060318.jpg,0,0,0,0,0,0
SZAWBAE0490_3X_zhujiang_IMG20250101043937.jpg,0,2,0,0,0,0
SZAWBAE0490_6X_changjiang_IMG20250101051939.jpg,2,0,0,0,0,0
SZAWBAE0490_6X_changjiang_IMG20250105060413.jpg,0,0,0,0,0,0
SZAWBAE0500_0.6X_changjiang_IMG20250105094549.jpg,0,0,0,0,0,0
SZAWBAE0500_0.6X_zhujiang_IMG20250101082248.jpg,0,0,0,0,0,0
SZAWBAE0500_3X_changjiang_IMG20250105094557.jpg,0,0,0,0,0,0
SZAWBAE0500_3X_zhujiang_IMG20250101082255.jpg,0,0,0,0,0,0
SZAWBAE0500_6X_changjiang_IMG20250105094601.jpg,0,0,0,0,0,0
SZAWBAE0500_6X_zhujiang_IMG20250101082300.jpg,0,0,0,0,0,0
SZAWBAE0510_0.6X_changjiang_IMG20250105094417.jpg,0,0,0,0,0,0
SZAWBAE0510_0.6X_zhujiang_IMG20250101082112.jpg,0,0,0,0,0,0
SZAWBAE0510_1X_changjiang_IMG20250105094419.jpg,0,0,0,0,0,0
SZAWBAE0510_1X_zhujiang_IMG20250101082114.jpg,0,0,0,0,0,0
SZAWBAE0510_2X_changjiang_IMG20250105094421.jpg,0,0,0,0,0,0
SZAWBAE0510_2X_zhujiang_IMG20250101082116.jpg,0,0,0,0,0,0
SZAWBAE0510_3X_zhujiang_IMG20250101082117.jpg,0,0,0,0,0,0
SZAWBAE0510_6X_changjiang_IMG20250105094426.jpg,0,0,0,0,0,0
SZAWBAE0510_6X_zhujiang_IMG20250101082119.jpg,0,0,0,0,0,0
SZAWBAE0520_0.6X_changjiang_IMG20250105094210.jpg,0,0,0,0,0,0
SZAWBAE0520_0.6X_zhujiang_IMG20250101081906.jpg,0,0,0,0,0,0
SZAWBAE0520_1X_changjiang_IMG20250105094213.jpg,0,0,0,0,0,0
SZAWBAE0520_1X_zhujiang_IMG20250101081908.jpg,0,0,0,0,0,0
SZAWBAE0520_2X_changjiang_IMG20250105094215.jpg,0,2,0,0,0,0
SZAWBAE0520_2X_zhujiang_IMG20250101081910.jpg,0,0,0,0,0,0
SZAWBAE0520_3X_zhujiang_IMG20250101081913.jpg,0,0,0,0,0,0
SZAWBAE0520_6X_changjiang_IMG20250105094321.jpg,0,0,0,0,0,0
SZAWBAE0520_6X_zhujiang_IMG20250101082009.jpg,0,0,0,0,0,0
SZAWBAE0530_0.6X_changjiang_IMG20250105093833.jpg,0,0,0,0,0,0
SZAWBAE0530_0.6X_zhujiang_IMG20250101081537.jpg,0,0,0,0,0,0
SZAWBAE0530_1X_changjiang_IMG20250105093837.jpg,0,0,0,0,0,0
SZAWBAE0530_2X_changjiang_IMG20250105093840.jpg,0,0,0,0,0,0
SZAWBAE0530_2X_zhujiang_IMG20250101081547.jpg,0,0,0,0,0,0
SZAWBAE0530_3X_changjiang_IMG20250105093844.jpg,0,2,0,0,0,0
SZAWBAE0530_3X_zhujiang_IMG20250101081552.jpg,0,0,2,0,0,0
SZAWBAE0530_6X_changjiang_IMG20250105093848.jpg,0,2,0,0,0,0
SZAWBAE0530_6X_zhujiang_IMG20250101081556.jpg,0,0,2,0,0,0
SZAWBAE0540_0.6X_changjiang_IMG20250105093543.jpg,0,0,0,0,0,0
SZAWBAE0540_0.6X_zhujiang_IMG20250101081242.jpg,0,0,0,0,0,0
SZAWBAE0540_1X_changjiang_IMG20250105093547.jpg,0,0,0,0,0,0
SZAWBAE0540_1X_zhujiang_IMG20250101081245.jpg,0,0,0,0,0,0
SZAWBAE0540_2X_zhujiang_IMG20250101081248.jpg,0,0,0,0,0,0
SZAWBAE0540_3X_changjiang_IMG20250105093554.jpg,0,0,0,0,0,0
SZAWBAE0540_6X_zhujiang_IMG20250101081414.jpg,0,2,0,0,0,0
SZAWBAE0550_0.6X_changjiang_IMG20250105093127.jpg,0,0,0,0,0,0
SZAWBAE0550_0.6X_zhujiang_IMG20250101080832.jpg,0,0,0,0,0,0
SZAWBAE0550_1X_changjiang_IMG20250105093130.jpg,0,0,0,0,0,0
SZAWBAE0550_2X_zhujiang_IMG20250101080840.jpg,0,0,0,0,0,0
SZAWBAE0550_3X_changjiang_IMG20250105093138.jpg,0,0,0,0,0,0
SZAWBAE0550_3X_zhujiang_IMG20250101080843.jpg,0,0,0,0,0,0
SZAWBAE0550_6X_zhujiang_IMG20250101080848.jpg,0,0,0,0,0,0
SZAWBAE0560_0.6X_zhujiang_IMG20250101080515.jpg,0,0,0,0,0,0
SZAWBAE0560_1X_changjiang_IMG20250105092818.jpg,0,0,0,0,0,0
SZAWBAE0560_1X_zhujiang_IMG20250101080520.jpg,0,0,0,0,0,0
SZAWBAE0560_3X_changjiang_IMG20250105092825.jpg,0,0,0,0,0,0
SZAWBAE0560_3X_zhujiang_IMG20250101080540.jpg,0,0,0,0,0,0
SZAWBAE0560_6X_changjiang_IMG20250105092957.jpg,0,0,0,0,0,0
SZAWBAE0570_0.6X_changjiang_IMG20250105092043.jpg,0,0,0,0,0,0
SZAWBAE0570_0.6X_zhujiang_IMG20250101075737.jpg,0,0,0,0,0,2
SZAWBAE0570_1X_changjiang_IMG20250105092045.jpg,0,2,0,0,0,0
SZAWBAE0570_1X_zhujiang_IMG20250101075739.jpg,0,0,0,0,0,0
SZAWBAE0570_2X_changjiang_IMG20250105092047.jpg,0,2,0,0,0,0
SZAWBAE0570_2X_zhujiang_IMG20250101075741.jpg,0,0,0,0,0,0
SZAWBAE0570_3X_changjiang_IMG20250105092049.jpg,0,0,0,0,0,0
SZAWBAE0570_3X_zhujiang_IMG20250101075744.jpg,0,0,0,0,0,0
SZAWBAE0570_6X_changjiang_IMG20250105092051.jpg,0,0,0,0,0,0
SZAWBAE0570_6X_zhujiang_IMG20250101075747.jpg,0,0,0,0,0,0
SZAWBAE0580_0.6X_changjiang_IMG20250105092216.jpg,0,0,0,0,0,0
SZAWBAE0580_1X_changjiang_IMG20250105092219.jpg,0,2,0,0,0,0
SZAWBAE0580_2X_changjiang_IMG20250105092221.jpg,0,0,0,0,0,0
SZAWBAE0580_3X_changjiang_IMG20250105092223.jpg,0,0,0,0,0,0
SZAWBAE0580_3X_zhujiang_IMG20250101075919.jpg,0,0,0,0,0,0
SZAWBAE0580_6X_changjiang_IMG20250105092331.jpg,0,0,0,0,0,0
SZAWBAE0580_6X_zhujiang_IMG20250101080019.jpg,0,0,0,0,0,0
SZAWBAE0590_0.6X_changjiang_IMG20250101092245.jpg,0,0,0,0,0,0
SZAWBAE0590_0.6X_zhujiang_IMG20250101082123.jpg,0,0,0,0,0,0
SZAWBAE0590_1X_zhujiang_IMG20250101082127.jpg,0,0,0,0,0,0
SZAWBAE0590_2X_changjiang_IMG20250101092251.jpg,0,0,0,0,0,0
SZAWBAE0590_2X_zhujiang_IMG20250101082129.jpg,0,0,0,0,0,0
SZAWBAE0590_3X_changjiang_IMG20250101092257.jpg,0,0,0,0,0,2
SZAWBAE0590_3X_zhujiang_IMG20250101082133.jpg,0,0,0,0,0,0
SZAWBAE0590_6X_changjiang_IMG20250101092301.jpg,0,2,0,0,0,0
SZAWBAE0590_6X_zhujiang_IMG20250101082137.jpg,0,0,0,0,0,0
SZAWBAE0600_0.6X_changjiang_IMG20250101092532.jpg,0,0,0,0,0,0
SZAWBAE0600_0.6X_zhujiang_IMG20250101082402.jpg,0,0,2,0,0,0
SZAWBAE0600_1X_changjiang_IMG20250101092537.jpg,0,0,0,0,0,0
SZAWBAE0600_2X_changjiang_IMG20250101092552.jpg,0,0,0,0,0,0
SZAWBAE0600_2X_zhujiang_IMG20250101082409.jpg,0,0,0,0,0,0
SZAWBAE0600_3X_changjiang_IMG20250101092558.jpg,0,0,0,0,0,0
SZAWBAE0600_3X_zhujiang_IMG20250101082413.jpg,0,0,0,0,0,0
SZAWBAE0600_6X_changjiang_IMG20250101092720.jpg,0,0,0,0,0,0
SZAWBAE0600_6X_zhujiang_IMG20250101082625.jpg,0,0,0,0,0,0
SZAWBAE0630_0.6X_changjiang_IMG20250101093300.jpg,0,0,0,0,0,0
SZAWBAE0630_0.6X_zhujiang_IMG20250101083140.jpg,0,2,2,0,0,0
SZAWBAE0630_1X_changjiang_IMG20250101093306.jpg,0,0,0,0,0,0
SZAWBAE0630_1X_zhujiang_IMG20250101083145.jpg,0,0,0,0,0,0
SZAWBAE0630_2X_zhujiang_IMG20250101083148.jpg,0,0,0,0,0,0
SZAWBAE0630_3X_changjiang_IMG20250101093315.jpg,0,0,0,0,0,0
SZAWBAE0630_6X_changjiang_IMG20250101093319.jpg,0,0,0,0,0,0
SZAWBAE0630_6X_zhujiang_IMG20250101083154.jpg,0,0,0,0,0,0
SZAWBAE0640_0.6X_changjiang_IMG20250101085759.jpg,0,0,0,0,0,0
SZAWBAE0640_0.6X_zhujiang_IMG20250101075757.jpg,0,0,0,0,0,0
SZAWBAE0640_1X_changjiang_IMG20250101040640.jpg,0,0,0,0,0,0
SZAWBAE0640_1X_changjiang_IMG20250101085801.jpg,0,0,0,0,0,0
SZAWBAE0640_1X_zhujiang_IMG20250101075800.jpg,0,0,0,0,0,0
SZAWBAE0640_2X_changjiang_IMG20250101040641.jpg,2,0,0,0,0,0
SZAWBAE0640_2X_changjiang_IMG20250101085802.jpg,0,0,0,0,0,0
SZAWBAE0640_3X_changjiang_IMG20250101040643.jpg,0,0,0,0,0,0
SZAWBAE0640_3X_zhujiang_IMG20250101075804.jpg,0,0,0,0,0,0
SZAWBAE0640_6X_changjiang_IMG20250101040647.jpg,0,0,0,0,0,0
SZAWBAE0640_6X_changjiang_IMG20250101085807.jpg,0,0,0,0,0,0
SZAWBAE0640_6X_zhujiang_IMG20250101075806.jpg,0,0,0,0,0,0
SZAWBAE0650_0.6X_changjiang_IMG20250101090646.jpg,0,0,0,0,0,0
SZAWBAE0650_0.6X_zhujiang_IMG20250101080546.jpg,0,0,0,0,0,0
SZAWBAE0650_1X_changjiang_IMG20250101090648.jpg,0,0,0,0,0,0
SZAWBAE0650_1X_changjiang_IMG20250101094719.jpg,0,0,0,2,2,0
SZAWBAE0650_1X_zhujiang_IMG20250101080548.jpg,0,0,0,0,0,0
SZAWBAE0650_2X_changjiang_IMG20250101090650.jpg,0,0,0,0,0,0
SZAWBAE0650_2X_zhujiang_IMG20250101080549.jpg,0,0,0,0,0,0
SZAWBAE0650_3X_changjiang_IMG20250101090652.jpg,0,0,0,0,0,0
SZAWBAE0650_3X_changjiang_IMG20250101094725.jpg,0,0,0,0,0,0
SZAWBAE0650_3X_zhujiang_IMG20250101080553.jpg,0,0,0,0,0,0
SZAWBAE0650_6X_changjiang_IMG20250101090736.jpg,0,0,0,0,0,0
SZAWBAE0650_6X_changjiang_IMG20250101094756.jpg,0,0,0,0,0,0
SZAWBAE0650_6X_zhujiang_IMG20250101080649.jpg,0,0,0,2,0,0
SZAWBAE0660_0.6X_changjiang_IMG20250101091023.jpg,0,0,0,0,0,0
SZAWBAE0660_0.6X_zhujiang_IMG20250101080915.jpg,0,0,0,0,0,0
SZAWBAE0660_1X_changjiang_IMG20250101095002.jpg,0,0,0,0,0,0
SZAWBAE0660_1X_zhujiang_IMG20250101080918.jpg,0,0,0,2,0,0
SZAWBAE0660_2X_changjiang_IMG20250101091031.jpg,0,0,0,0,0,0
SZAWBAE0660_2X_zhujiang_IMG20250101080919.jpg,0,0,0,0,0,0
SZAWBAE0660_3X_changjiang_IMG20250101091033.jpg,0,0,0,0,0,0
SZAWBAE0660_3X_changjiang_IMG20250101095009.jpg,0,0,0,0,0,0
SZAWBAE0660_3X_zhujiang_IMG20250101080922.jpg,0,0,0,2,0,0
SZAWBAE0660_6X_changjiang_IMG20250101091036.jpg,0,0,0,0,0,0
SZAWBAE0660_6X_changjiang_IMG20250101095022.jpg,0,0,0,0,0,0
SZAWBAE0660_6X_zhujiang_IMG20250101080924.jpg,0,0,0,2,0,0
SZAWBAE0670_0.6X_changjiang_IMG20250101091207.jpg,0,0,0,0,0,0
SZAWBAE0670_0.6X_zhujiang_IMG20250101081101.jpg,0,0,0,0,0,0
SZAWBAE0670_1X_changjiang_IMG20250101091210.jpg,0,2,0,0,0,0
SZAWBAE0670_1X_changjiang_IMG20250101095143.jpg,0,0,0,2,0,0
SZAWBAE0670_1X_zhujiang_IMG20250101081103.jpg,0,0,0,0,0,0
SZAWBAE0670_2X_changjiang_IMG20250101091214.jpg,0,0,0,0,0,0
SZAWBAE0670_2X_zhujiang_IMG20250101081105.jpg,0,0,0,2,0,0
SZAWBAE0670_3X_changjiang_IMG20250101091218.jpg,0,0,0,0,0,0
SZAWBAE0670_3X_zhujiang_IMG20250101081107.jpg,0,0,0,0,0,0
SZAWBAE0670_6X_changjiang_IMG20250101091312.jpg,0,0,0,0,0,0
SZAWBAE0670_6X_changjiang_IMG20250101095222.jpg,0,0,0,0,0,0
SZAWBAE0670_6X_zhujiang_IMG20250101081224.jpg,0,0,0,0,0,0
SZAWBAE0680_0.6X_zhujiang_IMG20250101081437.jpg,0,0,0,0,0,0
SZAWBAE0680_1X_changjiang_IMG20250101091601.jpg,0,0,0,0,0,0
SZAWBAE0680_2X_changjiang_IMG20250101091605.jpg,0,0,0,0,0,0
SZAWBAE0680_2X_zhujiang_IMG20250101081444.jpg,0,0,0,0,0,0
SZAWBAE0680_6X_changjiang_IMG20250101091716.jpg,0,0,0,0,0,0
SZAWBAE0690_0.6X_changjiang_IMG20250101093807.jpg,0,0,0,0,0,0
SZAWBAE0690_0.6X_zhujiang_IMG20250101083648.jpg,0,0,0,0,0,0
SZAWBAE0690_1X_changjiang_IMG20250101093809.jpg,0,0,0,0,0,0
SZAWBAE0690_1X_changjiang_IMG20250101095651.jpg,0,0,0,0,0,0
SZAWBAE0690_1X_zhujiang_IMG20250101083650.jpg,0,0,0,0,0,0
SZAWBAE0690_2X_changjiang_IMG20250101095653.jpg,0,0,0,0,0,0
SZAWBAE0690_2X_zhujiang_IMG20250101083651.jpg,0,0,0,0,0,0
SZAWBAE0690_3X_changjiang_IMG20250101093814.jpg,0,0,0,0,0,0
SZAWBAE0690_3X_zhujiang_IMG20250101083654.jpg,0,0,0,0,0,0
SZAWBAE0690_6X_changjiang_IMG20250101093937.jpg,0,0,0,0,0,0
SZAWBAE0690_6X_changjiang_IMG20250101095737.jpg,0,0,0,0,0,0
SZAWBAE0690_6X_zhujiang_IMG20250101083810.jpg,0,0,0,0,0,0
SZAWBAE0700_0.6X_changjiang_IMG20250104090753.jpg,0,0,0,0,0,0
SZAWBAE0700_1X_changjiang_IMG20250101100049.jpg,0,0,0,0,0,0
SZAWBAE0700_1X_zhujiang_IMG20250104080810.jpg,0,0,0,2,0,0
SZAWBAE0700_2X_changjiang_IMG20250101100052.jpg,0,0,2,0,0,0
SZAWBAE0700_2X_zhujiang_IMG20250104080812.jpg,0,0,0,0,0,0
SZAWBAE0700_3X_changjiang_IMG20250101100056.jpg,0,0,2,0,0,0
SZAWBAE0700_3X_changjiang_IMG20250104090801.jpg,0,0,0,0,0,0
SZAWBAE0700_3X_zhujiang_IMG20250104080815.jpg,0,0,0,0,0,0
SZAWBAE0700_6X_changjiang_IMG20250101100059.jpg,0,0,2,0,0,0
SZAWBAE0700_6X_zhujiang_IMG20250104080818.jpg,0,0,0,0,0,0
SZAWBAE0710_0.6X_changjiang_IMG20250104091355.jpg,0,0,0,0,0,0
SZAWBAE0710_1X_changjiang_IMG20250104091359.jpg,0,2,0,0,0,0
SZAWBAE0710_1X_zhujiang_IMG20250104081405.jpg,0,0,0,0,0,0
SZAWBAE0710_2X_changjiang_IMG20250101100152.jpg,0,0,0,0,0,0
SZAWBAE0710_2X_changjiang_IMG20250104091402.jpg,0,0,0,0,0,0
SZAWBAE0710_2X_zhujiang_IMG20250104081406.jpg,0,0,0,0,0,0
SZAWBAE0710_3X_changjiang_IMG20250101100155.jpg,0,0,0,0,0,0
SZAWBAE0710_3X_changjiang_IMG20250104091406.jpg,0,0,0,0,0,0
SZAWBAE0710_3X_zhujiang_IMG20250104081412.jpg,0,0,0,0,0,0
SZAWBAE0710_6X_changjiang_IMG20250101100200.jpg,0,0,0,0,0,0
SZAWBAE0710_6X_zhujiang_IMG20250104081503.jpg,0,0,0,0,0,0
SZAWBAE0720_0.6X_changjiang_IMG20250104091610.jpg,0,0,0,0,0,0
SZAWBAE0720_0.6X_zhujiang_IMG20250104081609.jpg,0,0,0,0,0,0
SZAWBAE0720_1X_changjiang_IMG20250101100322.jpg,0,0,0,0,0,0
SZAWBAE0720_1X_changjiang_IMG20250104091612.jpg,0,0,0,0,0,0
SZAWBAE0720_1X_zhujiang_IMG20250104081611.jpg,0,0,0,0,0,0
SZAWBAE0720_2X_changjiang_IMG20250101100325.jpg,0,0,0,0,0,0
SZAWBAE0720_2X_zhujiang_IMG20250104081612.jpg,0,0,0,0,0,0
SZAWBAE0720_3X_changjiang_IMG20250101100328.jpg,0,0,0,0,0,0
SZAWBAE0720_3X_changjiang_IMG20250104091617.jpg,0,0,0,0,0,0
SZAWBAE0720_6X_changjiang_IMG20250101100333.jpg,0,0,0,0,0,0
SZAWBAE0720_6X_changjiang_IMG20250104091721.jpg,0,0,0,0,0,0
SZAWBAE0720_6X_zhujiang_IMG20250104081703.jpg,0,0,0,0,0,0
SZAWBAE0730_0.6X_changjiang_IMG20250104091844.jpg,0,0,0,0,0,0
SZAWBAE0730_0.6X_zhujiang_IMG20250104081854.jpg,0,0,0,0,0,0
SZAWBAE0730_1X_changjiang_IMG20250104091846.jpg,0,0,0,0,0,0
SZAWBAE0730_2X_changjiang_IMG20250104091848.jpg,0,0,0,0,0,0
SZAWBAE0730_2X_zhujiang_IMG20250104081858.jpg,0,0,0,0,0,0
SZAWBAE0730_3X_changjiang_IMG20250104091850.jpg,0,0,0,0,0,0
SZAWBAE0730_3X_zhujiang_IMG20250104081900.jpg,0,0,0,0,0,0
SZAWBAE0730_6X_changjiang_IMG20250104091853.jpg,0,2,0,0,0,0
SZAWBAE0730_6X_zhujiang_IMG20250104081903.jpg,0,0,0,2,0,0
SZAWBAE0740_0.6X_changjiang_IMG20250104092024.jpg,0,0,0,0,0,0
SZAWBAE0740_0.6X_zhujiang_IMG20250104082028.jpg,0,0,0,0,0,0
SZAWBAE0740_2X_changjiang_IMG20250104092032.jpg,0,0,0,0,0,0
SZAWBAE0740_2X_zhujiang_IMG20250104082033.jpg,0,0,0,0,0,0
SZAWBAE0740_3X_changjiang_IMG20250104092035.jpg,0,0,0,0,0,0
SZAWBAE0740_3X_zhujiang_IMG20250104082035.jpg,0,0,0,0,0,0
SZAWBAE0740_6X_changjiang_IMG20250104092138.jpg,0,0,0,0,0,0
SZAWBAE0740_6X_zhujiang_IMG20250104082121.jpg,0,0,0,0,0,0
SZAWBAE0750_0.6X_changjiang_IMG20250101043531.jpg,0,0,0,0,0,0
SZAWBAE0750_0.6X_zhujiang_IMG20250101033435.jpg,2,0,0,0,0,0
SZAWBAE0750_1X_zhujiang_IMG20250101033441.jpg,0,0,0,0,0,2
SZAWBAE0750_2X_changjiang_IMG20250101043536.jpg,0,0,0,0,0,2
SZAWBAE0750_3X_changjiang_IMG20250101043540.jpg,0,0,0,0,0,0
SZAWBAE0750_3X_zhujiang_IMG20250101033447.jpg,0,0,0,0,0,0
SZAWBAE0750_6X_zhujiang_IMG20250101033450.jpg,0,0,0,0,0,0
SZAWBAE0760_0.6X_changjiang_IMG20250101044114.jpg,0,0,0,0,0,0
SZAWBAE0760_0.6X_zhujiang_IMG20250101034026.jpg,0,0,2,0,0,0
SZAWBAE0760_1X_changjiang_IMG20250101044116.jpg,0,0,0,0,0,0
SZAWBAE0760_1X_zhujiang_IMG20250101034028.jpg,0,0,0,0,0,0
SZAWBAE0760_2X_changjiang_IMG20250101025656.jpg,0,0,0,0,0,0
SZAWBAE0760_2X_changjiang_IMG20250101044118.jpg,0,0,0,0,0,0
SZAWBAE0760_3X_changjiang_IMG20250101025659.jpg,2,0,0,0,0,0
SZAWBAE0760_3X_changjiang_IMG20250101044120.jpg,0,0,0,0,0,0
SZAWBAE0760_6X_changjiang_IMG20250101025702.jpg,2,0,0,0,0,0
SZAWBAE0770_0.6X_changjiang_IMG20250101044330.jpg,0,0,0,0,0,0
SZAWBAE0770_0.6X_zhujiang_IMG20250101034232.jpg,0,0,0,0,0,0
SZAWBAE0770_1X_changjiang_IMG20250101025938.jpg,2,0,0,0,2,0
SZAWBAE0770_1X_changjiang_IMG20250101044333.jpg,0,0,0,0,0,0
SZAWBAE0770_1X_zhujiang_IMG20250101034235.jpg,0,0,0,0,0,0
SZAWBAE0770_2X_changjiang_IMG20250101025941.jpg,0,0,0,0,0,0
SZAWBAE0770_2X_changjiang_IMG20250101044335.jpg,0,0,0,0,0,0
SZAWBAE0770_2X_zhujiang_IMG20250101034238.jpg,0,2,0,0,0,0
SZAWBAE0770_3X_changjiang_IMG20250101025944.jpg,2,0,0,0,0,0
SZAWBAE0770_3X_changjiang_IMG20250101044338.jpg,0,0,0,0,0,0
SZAWBAE0770_3X_zhujiang_IMG20250101034241.jpg,0,0,0,0,0,2
SZAWBAE0770_6X_changjiang_IMG20250101025947.jpg,0,0,0,0,0,0
SZAWBAE0770_6X_changjiang_IMG20250101044341.jpg,0,0,0,0,0,0
SZAWBAE0780_0.6X_zhujiang_IMG20250101034529.jpg,0,0,0,0,0,0
SZAWBAE0780_1X_changjiang_IMG20250101030134.jpg,0,0,0,0,0,0
SZAWBAE0780_1X_changjiang_IMG20250101044449.jpg,0,0,0,0,0,0
SZAWBAE0780_1X_zhujiang_IMG20250101034534.jpg,0,0,0,0,0,0
SZAWBAE0780_2X_changjiang_IMG20250101030138.jpg,0,0,0,0,0,0
SZAWBAE0780_2X_zhujiang_IMG20250101034538.jpg,0,2,0,0,0,0
SZAWBAE0780_3X_changjiang_IMG20250101030352.jpg,0,0,0,0,0,0
SZAWBAE0780_3X_changjiang_IMG20250101044501.jpg,0,0,0,0,0,0
SZAWBAE0780_3X_zhujiang_IMG20250101034542.jpg,0,2,0,0,0,0
SZAWBAE0780_6X_changjiang_IMG20250101030356.jpg,0,0,0,0,0,0
SZAWBAE0780_6X_changjiang_IMG20250101044651.jpg,0,0,0,0,0,0
SZAWBAE0780_6X_zhujiang_IMG20250101034609.jpg,0,0,0,0,0,0
SZAWBAE0790_0.6X_changjiang_IMG20250101044819.jpg,0,0,0,0,0,0
SZAWBAE0790_1X_changjiang_IMG20250101044821.jpg,0,0,0,0,0,0
SZAWBAE0790_1X_zhujiang_IMG20250101034841.jpg,0,0,0,0,0,0
SZAWBAE0790_2X_changjiang_IMG20250101044825.jpg,0,0,0,0,0,0
SZAWBAE0790_2X_zhujiang_IMG20250101034843.jpg,0,0,0,0,0,0
SZAWBAE0790_3X_zhujiang_IMG20250101034846.jpg,0,0,0,0,0,0
SZAWBAE0790_6X_changjiang_IMG20250101045636.jpg,0,0,0,0,0,0
SZAWBAE0790_6X_zhujiang_IMG20250101034904.jpg,0,0,0,0,0,0
SZAWBAE0800_0.6X_changjiang_IMG20250101045829.jpg,0,0,0,0,0,0
SZAWBAE0800_1X_changjiang_IMG20250101045833.jpg,0,0,0,0,0,0
SZAWBAE0800_1X_changjiang_IMG20250101075358.jpg,0,0,0,0,0,0
SZAWBAE0800_1X_zhujiang_IMG20250101035819.jpg,0,0,0,0,0,0
SZAWBAE0800_2X_changjiang_IMG20250101045837.jpg,0,0,0,0,0,0
SZAWBAE0800_2X_changjiang_IMG20250101075403.jpg,0,0,0,0,0,0
SZAWBAE0800_2X_zhujiang_IMG20250101035822.jpg,0,0,0,0,0,0
SZAWBAE0800_3X_zhujiang_IMG20250101035827.jpg,0,0,0,0,0,0
SZAWBAE0800_6X_changjiang_IMG20250101050002.jpg,0,0,0,0,0,0
SZAWBAE0800_6X_changjiang_IMG20250101075414.jpg,0,0,0,0,0,0
SZAWBAE0800_6X_zhujiang_IMG20250101035938.jpg,0,0,0,0,0,0
SZAWBAE0810_0.6X_changjiang_IMG20250101050134.jpg,0,0,0,0,0,0
SZAWBAE0810_0.6X_zhujiang_IMG20250101040118.jpg,0,2,0,0,0,0
SZAWBAE0810_1X_changjiang_IMG20250101050137.jpg,0,0,0,0,0,0
SZAWBAE0810_1X_zhujiang_IMG20250101040120.jpg,0,0,0,0,0,0
SZAWBAE0810_2X_changjiang_IMG20250101050140.jpg,0,0,2,0,0,0
SZAWBAE0810_2X_zhujiang_IMG20250101040122.jpg,0,0,0,0,0,0
SZAWBAE0810_3X_changjiang_IMG20250101050142.jpg,0,0,0,0,0,0
SZAWBAE0810_3X_zhujiang_IMG20250101040124.jpg,0,0,0,0,0,0
SZAWBAE0810_6X_changjiang_IMG20250101050144.jpg,2,0,0,0,0,0
SZAWBAE0810_6X_zhujiang_IMG20250101040126.jpg,0,0,0,0,0,0
SZAWBAE0820_0.6X_changjiang_IMG20250101050335.jpg,0,0,0,0,0,0
SZAWBAE0820_0.6X_zhujiang_IMG20250101040328.jpg,0,0,0,0,0,0
SZAWBAE0820_1X_changjiang_IMG20250101050339.jpg,0,0,0,0,0,0
SZAWBAE0820_1X_zhujiang_IMG20250101040332.jpg,0,0,0,0,0,0
SZAWBAE0820_2X_changjiang_IMG20250101050344.jpg,0,0,0,0,0,0
SZAWBAE0820_2X_zhujiang_IMG20250101040335.jpg,0,2,0,0,0,0
SZAWBAE0820_3X_changjiang_IMG20250101050348.jpg,0,0,0,0,0,0
SZAWBAE0820_3X_zhujiang_IMG20250101040339.jpg,0,0,0,0,0,0
SZAWBAE0820_6X_changjiang_IMG20250101050513.jpg,0,0,0,0,0,0
SZAWBAE0830_0.6X_changjiang_IMG20250101050627.jpg,0,0,0,0,0,0
SZAWBAE0830_1X_zhujiang_IMG20250101040612.jpg,0,0,0,0,0,0
SZAWBAE0830_2X_changjiang_IMG20250101050632.jpg,0,2,0,0,0,0
SZAWBAE0830_2X_zhujiang_IMG20250101040614.jpg,0,0,0,0,0,0
SZAWBAE0830_3X_changjiang_IMG20250101050635.jpg,0,0,0,0,0,2
SZAWBAE0830_3X_zhujiang_IMG20250101040618.jpg,0,0,0,0,0,0
SZAWBAE0830_6X_changjiang_IMG20250101050732.jpg,0,0,0,0,0,0
SZAWBAE0830_6X_zhujiang_IMG20250101040709.jpg,0,0,0,0,0,0
SZAWBAE0840_0.6X_changjiang_IMG20250101051135.jpg,0,0,0,0,0,0
SZAWBAE0840_0.6X_zhujiang_IMG20250101041139.jpg,0,0,0,0,0,0
SZAWBAE0840_1X_changjiang_IMG20250101051141.jpg,0,0,0,0,0,0
SZAWBAE0840_1X_zhujiang_IMG20250101041145.jpg,0,0,2,0,0,0
SZAWBAE0840_2X_changjiang_IMG20250101051144.jpg,0,0,0,0,0,0
SZAWBAE0840_2X_zhujiang_IMG20250101041149.jpg,0,0,0,0,0,0
SZAWBAE0840_3X_changjiang_IMG20250101051152.jpg,0,0,0,0,0,0
SZAWBAE0840_3X_zhujiang_IMG20250101041153.jpg,0,0,0,0,0,0
SZAWBAE0840_6X_changjiang_IMG20250101051157.jpg,0,0,0,0,0,0
SZAWBAE0840_6X_zhujiang_IMG20250101041156.jpg,0,0,0,0,0,0
SZAWBAE0850_0.6X_changjiang_IMG20250101051624.jpg,0,0,0,0,0,0
SZAWBAE0850_0.6X_zhujiang_IMG20250101041622.jpg,0,0,0,0,0,0
SZAWBAE0850_1X_changjiang_IMG20250101051628.jpg,0,0,0,0,2,0
SZAWBAE0850_1X_zhujiang_IMG20250101041627.jpg,0,0,0,0,0,0
SZAWBAE0850_2X_changjiang_IMG20250101051632.jpg,0,0,0,0,0,0
SZAWBAE0850_2X_zhujiang_IMG20250101041630.jpg,0,0,0,0,0,0
SZAWBAE0850_3X_zhujiang_IMG20250101041634.jpg,0,0,0,0,0,0
SZAWBAE0850_6X_changjiang_IMG20250101051643.jpg,0,0,0,0,0,0
SZAWBAE0850_6X_zhujiang_IMG20250101041640.jpg,0,0,0,0,0,0
SZAWBAE0860_0.6X_zhujiang_IMG20250101042649.jpg,0,0,0,0,0,0
SZAWBAE0860_1X_changjiang_IMG20250101052709.jpg,0,0,0,0,0,0
SZAWBAE0860_1X_zhujiang_IMG20250101042650.jpg,0,0,0,0,0,0
SZAWBAE0860_2X_changjiang_IMG20250101052711.jpg,0,0,0,0,0,0
SZAWBAE0860_2X_zhujiang_IMG20250101042652.jpg,0,0,0,0,0,0
SZAWBAE0860_3X_changjiang_IMG20250101052712.jpg,0,0,0,0,0,0
SZAWBAE0860_3X_zhujiang_IMG20250101042653.jpg,0,0,0,0,0,0
SZAWBAE0870_0.6X_changjiang_IMG20250101052840.jpg,0,0,0,0,0,0
SZAWBAE0870_1X_changjiang_IMG20250101052842.jpg,0,0,0,0,0,0
SZAWBAE0870_2X_changjiang_IMG20250101052844.jpg,0,0,0,0,0,0
SZAWBAE0870_3X_zhujiang_IMG20250101042833.jpg,0,0,0,0,0,0
SZAWBAE0870_6X_changjiang_IMG20250101052851.jpg,0,0,0,0,0,0
SZAWBAE0870_6X_zhujiang_IMG20250101042838.jpg,0,0,0,0,0,0
SZAWBAE0880_0.6X_changjiang_IMG20250101053055.jpg,0,0,0,0,0,0
SZAWBAE0880_0.6X_zhujiang_IMG20250101042946.jpg,0,0,0,0,0,0
SZAWBAE0880_1X_changjiang_IMG20250101053057.jpg,0,0,0,0,0,0
SZAWBAE0880_1X_changjiang_IMG20250101053718.jpg,0,0,0,0,0,0
SZAWBAE0880_1X_zhujiang_IMG20250101042947.jpg,0,0,0,0,0,0
SZAWBAE0880_2X_changjiang_IMG20250101053058.jpg,0,0,0,0,0,0
SZAWBAE0880_2X_zhujiang_IMG20250101042949.jpg,0,0,0,0,0,0
SZAWBAE0880_3X_changjiang_IMG20250101053100.jpg,0,0,0,0,0,0
SZAWBAE0880_3X_changjiang_IMG20250101053725.jpg,0,0,0,0,0,0
SZAWBAE0880_3X_zhujiang_IMG20250101042951.jpg,0,0,0,0,0,0
SZAWBAE0880_6X_changjiang_IMG20250101053102.jpg,0,0,0,0,0,0
SZAWBAE0880_6X_changjiang_IMG20250101053728.jpg,0,0,0,0,0,0
SZAWBAE0880_6X_zhujiang_IMG20250101042952.jpg,0,0,0,0,0,0
SZAWBAE0890_0.6X_changjiang_IMG20250101053238.jpg,0,0,0,0,0,0
SZAWBAE0890_0.6X_zhujiang_IMG20250101043112.jpg,0,0,0,0,0,0
SZAWBAE0890_1X_changjiang_IMG20250101053240.jpg,0,0,0,0,0,0
SZAWBAE0890_1X_zhujiang_IMG20250101043113.jpg,0,0,0,0,0,0
SZAWBAE0890_2X_zhujiang_IMG20250101043115.jpg,0,0,0,0,0,0
SZAWBAE0890_3X_changjiang_IMG20250101053244.jpg,0,0,0,0,0,0
SZAWBAE0890_3X_zhujiang_IMG20250101043117.jpg,0,0,0,0,0,0
SZAWBAE0890_6X_changjiang_IMG20250101053250.jpg,0,0,0,0,0,0
SZAWBAE0890_6X_zhujiang_IMG20250101043122.jpg,0,0,0,0,0,0
SZAWBAE0900_0.6X_changjiang_IMG20250101053805.jpg,0,0,0,0,0,0
SZAWBAE0900_0.6X_zhujiang_IMG20250101043657.jpg,0,0,0,0,0,0
SZAWBAE0900_1X_changjiang_IMG20250101053808.jpg,0,0,0,0,3,0
SZAWBAE0900_1X_changjiang_IMG20250101054207.jpg,2,0,0,0,0,0
SZAWBAE0900_1X_zhujiang_IMG20250101043659.jpg,0,0,0,0,0,0
SZAWBAE0900_2X_changjiang_IMG20250101053810.jpg,0,0,0,0,0,0
SZAWBAE0900_2X_changjiang_IMG20250101054209.jpg,0,0,2,0,0,0
SZAWBAE0900_3X_changjiang_IMG20250101053813.jpg,0,0,0,0,0,0
SZAWBAE0900_3X_changjiang_IMG20250101054214.jpg,2,0,0,0,0,0
SZAWBAE0900_3X_zhujiang_IMG20250101043705.jpg,0,0,0,0,0,0
SZAWBAE0900_6X_changjiang_IMG20250101053816.jpg,0,0,0,0,0,0
SZAWBAE0900_6X_changjiang_IMG20250101054218.jpg,2,0,0,0,0,0
SZAWBAE0900_6X_zhujiang_IMG20250101043708.jpg,0,0,2,0,0,0
SZAWBAE0940_0.6X_changjiang_IMG20250102011753.jpg,0,0,0,0,0,0
SZAWBAE0940_1X_changjiang_IMG20250101063711.jpg,2,0,0,0,0,0
SZAWBAE0940_1X_changjiang_IMG20250102011755.jpg,0,0,2,0,0,0
SZAWBAE0940_2X_changjiang_IMG20250101063714.jpg,2,0,0,0,0,0
SZAWBAE0940_2X_changjiang_IMG20250102011758.jpg,0,0,0,0,0,0
SZAWBAE0940_2X_zhujiang_IMG20250102001809.jpg,0,0,0,0,0,0
SZAWBAE0940_3X_changjiang_IMG20250101063718.jpg,0,0,0,0,0,0
SZAWBAE0940_3X_changjiang_IMG20250102011803.jpg,0,0,0,0,0,0
SZAWBAE0940_3X_zhujiang_IMG20250102001812.jpg,0,2,0,0,0,0
SZAWBAE0940_6X_changjiang_IMG20250101063735.jpg,0,0,0,0,0,0
SZAWBAE0940_6X_changjiang_IMG20250102011912.jpg,0,0,0,0,0,0
SZAWBAE0940_6X_zhujiang_IMG20250102001821.jpg,0,0,0,0,0,0
SZAWBAE0950_0.6X_changjiang_IMG20250102012204.jpg,0,0,0,0,0,0
SZAWBAE0950_0.6X_zhujiang_IMG20250102002251.jpg,0,0,0,0,0,0
SZAWBAE0950_1X_changjiang_IMG20250102012208.jpg,0,3,0,0,0,0
SZAWBAE0950_1X_zhujiang_IMG20250102002253.jpg,0,0,0,0,0,0
SZAWBAE0950_2X_changjiang_IMG20250102012217.jpg,0,0,0,0,0,0
SZAWBAE0950_2X_zhujiang_IMG20250102002256.jpg,0,0,0,0,0,0
SZAWBAE0950_3X_changjiang_IMG20250102012226.jpg,0,0,0,0,0,0
SZAWBAE0950_6X_changjiang_IMG20250102012230.jpg,0,0,0,0,0,0
SZAWBAE0950_6X_zhujiang_IMG20250102002302.jpg,0,0,0,0,0,0
SZAWBAE0960_0.6X_changjiang_IMG20250102012542.jpg,0,0,0,0,0,0
SZAWBAE0960_0.6X_zhujiang_IMG20250102002315.jpg,0,0,0,0,0,0
SZAWBAE0960_1X_changjiang_IMG20250102012546.jpg,0,0,0,0,0,0
SZAWBAE0960_2X_changjiang_IMG20250102012550.jpg,0,0,0,0,0,0
SZAWBAE0960_2X_zhujiang_IMG20250102002319.jpg,0,0,0,0,0,0
SZAWBAE0960_3X_changjiang_IMG20250102012554.jpg,0,0,0,0,0,0
SZAWBAE0960_6X_changjiang_IMG20250102012558.jpg,0,0,0,0,0,0
SZAWBAE0960_6X_zhujiang_IMG20250102002322.jpg,0,0,0,0,0,0
SZAWBAE0970_0.6X_changjiang_IMG20250102012633.jpg,0,0,0,0,0,0
SZAWBAE0970_0.6X_zhujiang_IMG20250102002718.jpg,0,0,0,0,0,0
SZAWBAE0970_1X_changjiang_IMG20250101052820.jpg,0,0,0,0,0,0
SZAWBAE0970_1X_zhujiang_IMG20250102002720.jpg,0,0,0,0,0,0
SZAWBAE0970_2X_changjiang_IMG20250101052822.jpg,0,0,0,0,0,0
SZAWBAE0970_2X_changjiang_IMG20250102012637.jpg,0,0,0,0,0,0
SZAWBAE0970_2X_zhujiang_IMG20250102002722.jpg,0,0,0,0,0,0
SZAWBAE0970_3X_changjiang_IMG20250101052824.jpg,0,0,0,0,0,0
SZAWBAE0970_3X_changjiang_IMG20250102012639.jpg,0,0,0,0,0,0
SZAWBAE0970_3X_zhujiang_IMG20250102002725.jpg,0,0,0,0,0,0
SZAWBAE0970_6X_changjiang_IMG20250101052827.jpg,0,0,0,0,0,0
SZAWBAE0970_6X_changjiang_IMG20250102012646.jpg,0,0,0,0,0,0
SZAWBAE0970_6X_zhujiang_IMG20250102002727.jpg,0,0,0,0,0,0
SZAWBAE0980_0.6X_changjiang_IMG20250102060019.jpg,0,0,0,0,0,0
SZAWBAE0980_0.6X_zhujiang_IMG20250102045848.jpg,0,2,0,0,0,0
SZAWBAE0980_1X_changjiang_IMG20250101053209.jpg,0,0,0,0,0,0
SZAWBAE0980_1X_changjiang_IMG20250102060022.jpg,0,0,0,0,0,0
SZAWBAE0980_1X_zhujiang_IMG20250102045853.jpg,0,0,0,0,0,0
SZAWBAE0980_2X_changjiang_IMG20250101053212.jpg,0,0,0,0,0,0
SZAWBAE0980_3X_changjiang_IMG20250101053214.jpg,0,0,0,0,0,0
SZAWBAE0980_3X_zhujiang_IMG20250102045858.jpg,0,0,0,0,0,0
SZAWBAE0980_6X_changjiang_IMG20250101053217.jpg,0,0,0,0,0,0
SZAWBAE0980_6X_changjiang_IMG20250102060051.jpg,0,0,0,0,0,0
SZAWBAE0980_6X_zhujiang_IMG20250102045900.jpg,0,2,0,0,0,0
SZAWBAE0990_0.6X_zhujiang_IMG20250102050131.jpg,0,0,0,0,0,0
SZAWBAE0990_1X_changjiang_IMG20250102060242.jpg,0,0,0,0,0,0
SZAWBAE0990_1X_zhujiang_IMG20250102050135.jpg,0,0,0,0,0,0
SZAWBAE0990_2X_changjiang_IMG20250102060245.jpg,0,0,0,0,0,0
SZAWBAE0990_2X_zhujiang_IMG20250102050137.jpg,0,0,0,0,0,0
SZAWBAE0990_3X_changjiang_IMG20250102060249.jpg,0,0,0,0,0,0
SZAWBAE0990_3X_zhujiang_IMG20250102050141.jpg,0,0,0,0,0,2
SZAWBAE0990_6X_changjiang_IMG20250102060256.jpg,0,0,0,0,0,0
SZAWBAE0990_6X_zhujiang_IMG20250102050246.jpg,0,0,0,0,0,0
SZAWBAE1000_0.6X_changjiang_IMG20250102060605.jpg,0,0,0,0,0,0
SZAWBAE1000_0.6X_zhujiang_IMG20250102050446.jpg,0,0,2,0,0,0
SZAWBAE1000_1X_changjiang_IMG20250101053428.jpg,0,0,0,0,0,0
SZAWBAE1000_1X_changjiang_IMG20250102060607.jpg,0,0,0,0,0,0
SZAWBAE1000_2X_changjiang_IMG20250102060610.jpg,0,0,0,0,0,0
SZAWBAE1000_3X_changjiang_IMG20250101053432.jpg,0,0,0,0,0,0
SZAWBAE1000_3X_changjiang_IMG20250102060616.jpg,0,0,0,0,0,0
SZAWBAE1000_3X_zhujiang_IMG20250102050453.jpg,0,0,2,0,0,0
SZAWBAE1000_6X_changjiang_IMG20250101053435.jpg,0,0,0,0,0,0
SZAWBAE1000_6X_changjiang_IMG20250102060619.jpg,0,2,0,0,0,0
SZAWBAE1000_6X_zhujiang_IMG20250102050458.jpg,0,0,2,0,0,0
SZAWBAE1010_0.6X_changjiang_IMG20250102060813.jpg,0,0,0,0,0,0
SZAWBAE1010_0.6X_zhujiang_IMG20250102050705.jpg,0,0,0,0,0,0
SZAWBAE1010_1X_changjiang_IMG20250101053545.jpg,2,0,0,0,0,0
SZAWBAE1010_1X_changjiang_IMG20250102060815.jpg,0,0,0,0,0,0
SZAWBAE1010_1X_zhujiang_IMG20250102050707.jpg,0,0,0,0,0,0
SZAWBAE1010_2X_changjiang_IMG20250102060817.jpg,0,0,0,0,0,2
SZAWBAE1010_2X_zhujiang_IMG20250102050710.jpg,0,0,0,0,0,0
SZAWBAE1010_3X_changjiang_IMG20250101053706.jpg,0,0,0,0,0,0
SZAWBAE1010_3X_changjiang_IMG20250102060829.jpg,0,0,0,0,0,0
SZAWBAE1010_3X_zhujiang_IMG20250102050713.jpg,0,0,0,0,0,0
SZAWBAE1010_6X_changjiang_IMG20250101053710.jpg,2,0,0,0,0,0
SZAWBAE1010_6X_changjiang_IMG20250102060834.jpg,0,0,0,0,0,0
SZAWBAE1010_6X_zhujiang_IMG20250102050825.jpg,0,0,0,0,0,0
SZAWBAE1020_0.6X_changjiang_IMG20250102061330.jpg,0,0,0,0,0,0
SZAWBAE1020_0.6X_zhujiang_IMG20250102051341.jpg,0,0,0,2,0,0
SZAWBAE1020_1X_changjiang_IMG20250101054057.jpg,0,0,0,0,0,0
SZAWBAE1020_1X_changjiang_IMG20250102061332.jpg,0,0,0,0,0,0
SZAWBAE1020_1X_zhujiang_IMG20250102051343.jpg,0,0,0,0,0,0
SZAWBAE1020_2X_changjiang_IMG20250101054059.jpg,0,0,0,0,0,0
SZAWBAE1020_2X_changjiang_IMG20250102061335.jpg,0,0,0,0,0,0
SZAWBAE1020_2X_zhujiang_IMG20250102051346.jpg,0,0,0,0,0,0
SZAWBAE1020_3X_changjiang_IMG20250101054232.jpg,0,0,0,0,0,0
SZAWBAE1020_3X_zhujiang_IMG20250102051349.jpg,0,0,0,0,0,0
SZAWBAE1020_6X_changjiang_IMG20250101054235.jpg,2,0,0,0,0,0
SZAWBAE1020_6X_changjiang_IMG20250102061522.jpg,0,0,0,0,0,0
SZAWBAE1020_6X_zhujiang_IMG20250102051429.jpg,0,0,0,0,0,0
SZAWBAE1030_0.6X_changjiang_IMG20250102061814.jpg,0,0,0,0,0,0
SZAWBAE1030_0.6X_zhujiang_IMG20250102051707.jpg,0,0,0,0,0,0
SZAWBAE1030_1X_changjiang_IMG20250102061816.jpg,0,0,0,0,0,0
SZAWBAE1030_1X_zhujiang_IMG20250102051709.jpg,0,0,0,0,0,0
SZAWBAE1030_2X_changjiang_IMG20250102061819.jpg,0,0,0,0,0,0
SZAWBAE1030_3X_changjiang_IMG20250102061823.jpg,0,2,0,0,0,0
SZAWBAE1030_6X_changjiang_IMG20250102061829.jpg,0,0,0,0,0,0
SZAWBAE1030_6X_zhujiang_IMG20250102051818.jpg,0,0,0,0,0,0
SZAWBAE1040_0.6X_changjiang_IMG20250102062009.jpg,0,0,0,0,0,0
SZAWBAE1040_0.6X_zhujiang_IMG20250102052017.jpg,0,2,0,0,0,0
SZAWBAE1040_1X_changjiang_IMG20250102062011.jpg,0,0,2,0,0,0
SZAWBAE1040_1X_zhujiang_IMG20250102052019.jpg,0,0,0,0,0,0
SZAWBAE1040_2X_changjiang_IMG20250102062014.jpg,0,0,0,0,0,0
SZAWBAE1040_2X_zhujiang_IMG20250102052022.jpg,0,0,0,0,0,0
SZAWBAE1040_3X_changjiang_IMG20250102062019.jpg,0,2,0,0,0,0
SZAWBAE1040_6X_changjiang_IMG20250102062146.jpg,0,0,0,0,0,0
SZAWBAE1040_6X_zhujiang_IMG20250102052138.jpg,0,0,0,0,0,0
SZAWBAE1050_0.6X_changjiang_IMG20250102062517.jpg,0,0,0,0,0,0
SZAWBAE1050_0.6X_zhujiang_IMG20250102052547.jpg,0,0,0,0,0,0
SZAWBAE1050_1X_changjiang_IMG20250102062520.jpg,0,0,0,0,0,0
SZAWBAE1050_1X_zhujiang_IMG20250102052549.jpg,0,0,0,0,0,0
SZAWBAE1050_2X_zhujiang_IMG20250102052551.jpg,0,0,0,0,0,2
SZAWBAE1050_3X_changjiang_IMG20250101064547.jpg,0,0,0,0,0,0
SZAWBAE1050_3X_changjiang_IMG20250102062528.jpg,0,0,0,0,0,2
SZAWBAE1050_3X_zhujiang_IMG20250102052555.jpg,0,0,0,0,0,0
SZAWBAE1050_6X_changjiang_IMG20250101064556.jpg,0,0,0,0,0,0
SZAWBAE1050_6X_changjiang_IMG20250102062701.jpg,0,0,0,0,0,0
SZAWBAE1050_6X_zhujiang_IMG20250102052602.jpg,0,0,0,0,0,0
SZAWBAE1060_0.6X_changjiang_IMG20250102062953.jpg,0,0,0,0,0,0
SZAWBAE1060_0.6X_zhujiang_IMG20250102053031.jpg,0,0,0,0,0,0
SZAWBAE1060_1X_changjiang_IMG20250102062955.jpg,0,0,0,0,0,0
SZAWBAE1060_1X_zhujiang_IMG20250102053034.jpg,0,0,0,0,0,0
SZAWBAE1060_2X_changjiang_IMG20250102062957.jpg,0,0,0,0,0,0
SZAWBAE1060_2X_zhujiang_IMG20250102053036.jpg,0,0,0,0,0,0
SZAWBAE1060_3X_changjiang_IMG20250102063005.jpg,0,0,0,0,0,0
SZAWBAE1060_3X_zhujiang_IMG20250102053039.jpg,0,0,0,0,0,0
SZAWBAE1060_6X_changjiang_IMG20250102063149.jpg,0,0,0,0,0,0
SZAWBAE1060_6X_zhujiang_IMG20250102053047.jpg,0,0,0,0,0,0
SZAWBAE1070_0.6X_changjiang_IMG20250102063604.jpg,0,0,0,0,0,0
SZAWBAE1070_2X_changjiang_IMG20250102063633.jpg,0,0,0,0,0,0
SZAWBAE1070_2X_zhujiang_IMG20250102053704.jpg,0,0,0,0,0,0
SZAWBAE1070_3X_changjiang_IMG20250102063638.jpg,0,0,0,0,0,0
SZAWBAE1070_6X_zhujiang_IMG20250102053809.jpg,0,0,0,0,0,0
SZAWBAE1080_0.6X_changjiang_IMG20250104062508.jpg,0,0,0,0,0,0
SZAWBAE1080_0.6X_zhujiang_IMG20250104052450.jpg,0,2,0,0,0,0
SZAWBAE1080_1X_changjiang_IMG20250104062509.jpg,0,0,0,0,0,0
SZAWBAE1080_1X_zhujiang_IMG20250104052452.jpg,0,0,0,0,0,0
SZAWBAE1080_2X_changjiang_IMG20250104062511.jpg,0,0,0,0,0,0
SZAWBAE1080_2X_zhujiang_IMG20250104052454.jpg,0,2,0,0,0,0
SZAWBAE1080_3X_changjiang_IMG20250104062515.jpg,0,0,0,0,0,0
SZAWBAE1080_3X_zhujiang_IMG20250104052457.jpg,0,0,0,0,0,0
SZAWBAE1080_6X_zhujiang_IMG20250104052540.jpg,0,0,0,0,0,0
SZAWBAE1090_0.6X_changjiang_IMG20250104062822.jpg,0,0,0,0,0,0
SZAWBAE1090_0.6X_zhujiang_IMG20250104052811.jpg,0,0,0,0,0,0
SZAWBAE1090_1X_zhujiang_IMG20250104052816.jpg,0,0,0,0,0,0
SZAWBAE1090_2X_changjiang_IMG20250104062828.jpg,0,0,2,0,0,0
SZAWBAE1090_2X_zhujiang_IMG20250104052825.jpg,0,0,0,0,0,0
SZAWBAE1090_3X_changjiang_IMG20250104062831.jpg,2,0,0,0,0,0
SZAWBAE1090_6X_changjiang_IMG20250104062834.jpg,2,0,0,0,0,0
SZAWBAE1090_6X_zhujiang_IMG20250104052832.jpg,0,0,0,0,0,0
SZAWBAE1100_0.6X_changjiang_IMG20250104063044.jpg,0,0,0,0,0,0
SZAWBAE1100_2X_changjiang_IMG20250104063048.jpg,0,0,0,0,0,0
SZAWBAE1100_2X_zhujiang_IMG20250104053033.jpg,0,0,0,0,0,0
SZAWBAE1100_3X_changjiang_IMG20250104063050.jpg,0,0,0,0,0,0
SZAWBAE1110_0.6X_changjiang_IMG20250104063209.jpg,0,0,0,0,0,0
SZAWBAE1110_1X_changjiang_IMG20250104063211.jpg,0,0,0,0,0,0
SZAWBAE1110_1X_zhujiang_IMG20250104053152.jpg,0,0,0,0,0,0
SZAWBAE1110_2X_changjiang_IMG20250104063213.jpg,0,0,0,0,0,0
SZAWBAE1110_2X_zhujiang_IMG20250104053154.jpg,0,0,0,0,0,0
SZAWBAE1110_3X_changjiang_IMG20250104063215.jpg,0,0,0,0,0,0
SZAWBAE1110_6X_changjiang_IMG20250104063304.jpg,0,0,0,0,0,0
SZAWBAE1110_6X_zhujiang_IMG20250104053224.jpg,0,0,0,0,0,0
SZAWBAE1120_0.6X_changjiang_IMG20250104063511.jpg,0,0,0,0,0,0
SZAWBAE1120_0.6X_zhujiang_IMG20250104053428.jpg,0,0,0,0,0,0
SZAWBAE1120_1X_changjiang_IMG20250104063513.jpg,0,0,0,0,0,0
SZAWBAE1120_1X_zhujiang_IMG20250104053429.jpg,0,0,0,0,0,0
SZAWBAE1120_2X_changjiang_IMG20250104063515.jpg,0,2,0,0,0,0
SZAWBAE1120_2X_zhujiang_IMG20250104053431.jpg,0,0,0,0,0,0
SZAWBAE1120_3X_changjiang_IMG20250104063517.jpg,0,0,0,0,0,0
SZAWBAE1120_6X_changjiang_IMG20250104063607.jpg,0,0,0,0,0,0
SZAWBAE1120_6X_zhujiang_IMG20250104053527.jpg,0,0,0,0,0,0
SZAWBAE1130_0.6X_changjiang_IMG20250104063749.jpg,0,0,0,0,0,0
SZAWBAE1130_0.6X_zhujiang_IMG20250104053701.jpg,0,0,0,2,0,0
SZAWBAE1130_1X_changjiang_IMG20250104063752.jpg,0,0,0,0,0,2
SZAWBAE1130_1X_zhujiang_IMG20250104053703.jpg,0,0,0,0,0,2
SZAWBAE1130_2X_changjiang_IMG20250104063759.jpg,0,0,0,0,0,2
SZAWBAE1130_3X_changjiang_IMG20250104063803.jpg,0,0,0,0,0,0
SZAWBAE1130_3X_zhujiang_IMG20250104053707.jpg,0,0,2,0,0,0
SZAWBAE1130_6X_zhujiang_IMG20250104053709.jpg,0,0,2,0,0,0
SZAWBAE1140_0.6X_changjiang_IMG20250104063943.jpg,0,0,0,0,0,0
SZAWBAE1140_1X_changjiang_IMG20250104063945.jpg,0,0,0,0,0,0
SZAWBAE1140_1X_zhujiang_IMG20250104053859.jpg,0,0,0,0,0,0
SZAWBAE1140_2X_changjiang_IMG20250104063947.jpg,0,0,0,0,0,0
SZAWBAE1140_2X_zhujiang_IMG20250104053901.jpg,0,0,0,0,0,0
SZAWBAE1140_3X_changjiang_IMG20250104063950.jpg,0,0,0,0,0,0
SZAWBAE1140_3X_zhujiang_IMG20250104053903.jpg,0,0,0,0,0,0
SZAWBAE1140_6X_changjiang_IMG20250104064044.jpg,0,0,0,0,0,0
SZAWBAE1140_6X_zhujiang_IMG20250104054005.jpg,0,0,0,0,0,0
SZAWBAE1150_0.6X_zhujiang_IMG20250104054220.jpg,0,2,0,0,0,0
SZAWBAE1150_1X_zhujiang_IMG20250104054222.jpg,0,0,0,0,0,0
SZAWBAE1150_2X_zhujiang_IMG20250104054223.jpg,0,0,0,0,0,0
SZAWBAE1150_3X_changjiang_IMG20250104064314.jpg,0,0,0,0,0,0
SZAWBAE1150_3X_zhujiang_IMG20250104054225.jpg,0,0,0,2,0,0
SZAWBAE1150_6X_zhujiang_IMG20250104054228.jpg,0,0,0,0,0,0
SZAWBAE1160_0.6X_changjiang_IMG20250104064628.jpg,0,0,0,0,0,0
SZAWBAE1160_0.6X_zhujiang_IMG20250104054542.jpg,0,0,0,0,0,0
SZAWBAE1160_1X_zhujiang_IMG20250104054544.jpg,0,0,0,0,0,0
SZAWBAE1160_2X_zhujiang_IMG20250104054545.jpg,0,0,0,0,0,0
SZAWBAE1160_3X_changjiang_IMG20250104064633.jpg,0,0,0,0,0,0
SZAWBAE1160_3X_zhujiang_IMG20250104054548.jpg,0,0,0,0,0,0
SZAWBAE1170_0.6X_changjiang_IMG20250104064940.jpg,0,0,0,0,0,0
SZAWBAE1170_0.6X_zhujiang_IMG20250104054849.jpg,0,2,0,0,0,0
SZAWBAE1170_1X_changjiang_IMG20250104064942.jpg,0,0,0,0,0,0
SZAWBAE1170_1X_zhujiang_IMG20250104054850.jpg,0,2,0,0,0,0
SZAWBAE1170_2X_changjiang_IMG20250104064944.jpg,0,0,0,0,0,0
SZAWBAE1170_2X_zhujiang_IMG20250104054852.jpg,0,0,2,0,0,0
SZAWBAE1170_3X_changjiang_IMG20250104064950.jpg,0,0,0,0,0,0
SZAWBAE1170_3X_zhujiang_IMG20250104054854.jpg,0,0,2,0,0,0
SZAWBAE1170_6X_changjiang_IMG20250104064952.jpg,0,0,0,0,0,0
SZAWBAE1170_6X_zhujiang_IMG20250104054856.jpg,0,0,0,0,0,0
SZAWBAE1180_0.6X_changjiang_IMG20250104065302.jpg,0,0,0,0,0,0
SZAWBAE1180_1X_changjiang_IMG20250104065311.jpg,0,0,0,0,0,0
SZAWBAE1180_1X_zhujiang_IMG20250104055213.jpg,0,2,0,0,0,0
SZAWBAE1180_2X_zhujiang_IMG20250104055216.jpg,0,2,0,0,0,0
SZAWBAE1180_3X_changjiang_IMG20250104065320.jpg,0,0,0,0,0,0
SZAWBAE1180_3X_zhujiang_IMG20250104055218.jpg,0,2,0,0,0,0
SZAWBAE1180_6X_changjiang_IMG20250104065322.jpg,0,0,0,0,0,0
SZAWBAE1180_6X_zhujiang_IMG20250104055221.jpg,0,2,0,0,0,0
SZAWBAE1190_0.6X_changjiang_IMG20250104065455.jpg,0,0,0,0,0,0
SZAWBAE1190_0.6X_zhujiang_IMG20250104055408.jpg,0,0,0,0,0,0
SZAWBAE1190_1X_changjiang_IMG20250104065458.jpg,0,0,0,0,0,0
SZAWBAE1190_1X_zhujiang_IMG20250104055410.jpg,0,0,0,0,0,0
SZAWBAE1190_3X_zhujiang_IMG20250104055414.jpg,0,0,0,0,0,0
SZAWBAE1190_6X_changjiang_IMG20250104065601.jpg,0,0,0,0,0,0
SZAWBAE1190_6X_zhujiang_IMG20250104055520.jpg,0,0,0,0,0,0
SZAWBAE1200_0.6X_zhujiang_IMG20250104055736.jpg,0,0,0,0,0,0
SZAWBAE1200_1X_zhujiang_IMG20250104055738.jpg,0,0,0,0,0,0
SZAWBAE1200_2X_changjiang_IMG20250104065828.jpg,0,0,0,0,0,0
SZAWBAE1200_2X_zhujiang_IMG20250104055739.jpg,0,0,0,0,0,0
SZAWBAE1200_3X_changjiang_IMG20250104065831.jpg,0,0,0,0,0,0
SZAWBAE1200_3X_zhujiang_IMG20250104055741.jpg,0,0,0,0,0,0
SZAWBAE1200_6X_changjiang_IMG20250104065833.jpg,0,0,0,0,0,0
SZAWBAE1200_6X_zhujiang_IMG20250104055743.jpg,0,0,0,0,0,0
SZAWBAE1210_0.6X_changjiang_IMG20250104070010.jpg,0,0,0,0,0,0
SZAWBAE1210_0.6X_zhujiang_IMG20250104055922.jpg,0,0,0,0,0,0
SZAWBAE1210_1X_changjiang_IMG20250104070013.jpg,0,2,0,0,0,0
SZAWBAE1210_1X_zhujiang_IMG20250104055925.jpg,0,0,0,0,0,0
SZAWBAE1210_2X_zhujiang_IMG20250104055927.jpg,0,0,0,0,0,0
SZAWBAE1210_3X_zhujiang_IMG20250104055930.jpg,0,0,0,0,0,0
SZAWBAE1210_6X_changjiang_IMG20250104070119.jpg,0,0,0,0,0,0
SZAWBAE1210_6X_zhujiang_IMG20250104060040.jpg,0,0,0,0,0,0
SZAWBAE1220_0.6X_changjiang_IMG20250104070322.jpg,0,0,0,0,0,0
SZAWBAE1220_0.6X_zhujiang_IMG20250104060237.jpg,0,0,0,0,0,0
SZAWBAE1220_1X_zhujiang_IMG20250104060239.jpg,0,0,0,0,0,0
SZAWBAE1220_2X_changjiang_IMG20250104070326.jpg,0,0,0,0,0,2
SZAWBAE1220_3X_zhujiang_IMG20250104060243.jpg,0,0,0,0,0,0
SZAWBAE1220_6X_changjiang_IMG20250104070421.jpg,0,0,0,0,0,0
SZAWBAE1220_6X_zhujiang_IMG20250104060342.jpg,0,0,0,0,0,0
SZAWBAE1380_0.6X_changjiang_IMG20250104102733.jpg,0,0,0,0,0,0
SZAWBAE1380_0.6X_zhujiang_IMG20250104092747.jpg,2,0,0,0,0,0
SZAWBAE1380_1X_changjiang_IMG20250104102737.jpg,0,0,0,0,0,0
SZAWBAE1380_1X_zhujiang_IMG20250104092751.jpg,0,0,0,0,0,0
SZAWBAE1380_2X_changjiang_IMG20250104102741.jpg,0,0,0,0,0,0
SZAWBAE1380_2X_zhujiang_IMG20250104092754.jpg,0,2,0,0,0,0
SZAWBAE1380_3X_zhujiang_IMG20250104092758.jpg,0,0,0,0,0,0
SZAWBAE1380_6X_zhujiang_IMG20250104092923.jpg,0,0,0,0,0,0
SZAWBAE1390_0.6X_changjiang_IMG20250104103041.jpg,0,0,0,0,0,0
SZAWBAE1390_0.6X_zhujiang_IMG20250104093056.jpg,0,0,2,0,0,0
SZAWBAE1390_1X_changjiang_IMG20250104103045.jpg,0,0,0,0,0,0
SZAWBAE1390_1X_zhujiang_IMG20250104093101.jpg,0,0,0,0,0,0
SZAWBAE1390_2X_changjiang_IMG20250104103047.jpg,0,0,0,0,0,0
SZAWBAE1390_2X_zhujiang_IMG20250104093104.jpg,0,0,0,0,0,0
SZAWBAE1390_3X_changjiang_IMG20250104103051.jpg,0,0,0,0,0,0
SZAWBAE1390_3X_zhujiang_IMG20250104093107.jpg,0,0,0,0,0,0
SZAWBAE1390_6X_changjiang_IMG20250104103054.jpg,0,0,0,0,2,0
SZAWBAE1390_6X_zhujiang_IMG20250104093110.jpg,0,0,0,0,0,0
SZAWBAE1400_0.6X_zhujiang_IMG20250104092259.jpg,0,0,0,0,0,0
SZAWBAE1400_1X_changjiang_IMG20250104102246.jpg,0,0,0,0,0,0
SZAWBAE1400_2X_changjiang_IMG20250104102250.jpg,0,0,0,0,0,0
SZAWBAE1400_2X_zhujiang_IMG20250104092305.jpg,0,0,0,0,0,0
SZAWBAE1400_3X_changjiang_IMG20250104102253.jpg,0,0,0,0,0,0
SZAWBAE1400_6X_changjiang_IMG20250104102257.jpg,0,0,0,0,0,0
SZAWBAE1400_6X_zhujiang_IMG20250104092313.jpg,0,0,0,0,0,0
SZAWBAE1410_0.6X_zhujiang_IMG20250104091948.jpg,0,0,0,0,0,0
SZAWBAE1410_1X_zhujiang_IMG20250104091951.jpg,0,0,0,0,0,0
SZAWBAE1410_2X_changjiang_IMG20250104101941.jpg,0,2,0,0,0,0
SZAWBAE1410_2X_zhujiang_IMG20250104091954.jpg,0,0,0,0,0,0
SZAWBAE1410_3X_changjiang_IMG20250104101944.jpg,0,0,0,0,0,0
SZAWBAE1410_3X_zhujiang_IMG20250104091957.jpg,0,0,0,0,0,0
SZAWBAE1420_0.6X_changjiang_IMG20250104101642.jpg,0,0,0,0,0,0
SZAWBAE1420_0.6X_zhujiang_IMG20250104091658.jpg,0,0,0,0,0,0
SZAWBAE1420_1X_changjiang_IMG20250104101646.jpg,0,0,0,0,0,0
SZAWBAE1420_1X_zhujiang_IMG20250104091701.jpg,0,0,0,0,0,0
SZAWBAE1420_2X_changjiang_IMG20250104101649.jpg,2,0,0,0,0,0
SZAWBAE1420_2X_zhujiang_IMG20250104091704.jpg,0,0,0,0,0,0
SZAWBAE1420_3X_zhujiang_IMG20250104091707.jpg,0,0,0,0,0,0
SZAWBAE1420_6X_changjiang_IMG20250104101656.jpg,0,2,0,0,0,0
SZAWBAE1420_6X_zhujiang_IMG20250104091710.jpg,0,0,0,0,0,0
SZAWBAE1430_0.6X_changjiang_IMG20250104101232.jpg,0,0,0,0,0,0
SZAWBAE1430_0.6X_zhujiang_IMG20250104091246.jpg,0,0,0,0,0,0
SZAWBAE1430_1X_zhujiang_IMG20250104091251.jpg,0,0,0,0,0,0
SZAWBAE1430_3X_changjiang_IMG20250104101242.jpg,0,0,0,0,0,0
SZAWBAE1430_6X_changjiang_IMG20250104101246.jpg,0,0,0,0,0,0
SZAWBAE1430_6X_zhujiang_IMG20250104091301.jpg,0,0,0,0,0,0
SZAWBAE1440_0.6X_changjiang_IMG20250104100755.jpg,0,0,0,0,0,0
SZAWBAE1440_0.6X_zhujiang_IMG20250104090847.jpg,0,0,0,0,0,0
SZAWBAE1440_1X_changjiang_IMG20250104100823.jpg,0,0,0,0,0,0
SZAWBAE1440_1X_zhujiang_IMG20250104090852.jpg,2,0,0,0,0,0
SZAWBAE1440_2X_changjiang_IMG20250104100826.jpg,0,0,0,0,0,0
SZAWBAE1440_3X_changjiang_IMG20250104100829.jpg,0,0,0,0,0,0
SZAWBAE1440_3X_zhujiang_IMG20250104090857.jpg,0,0,0,0,0,0
SZAWBAE1440_6X_changjiang_IMG20250104100835.jpg,0,0,0,0,0,0
SZAWBAE1450_0.6X_changjiang_IMG20250104100129.jpg,0,0,0,0,0,0
SZAWBAE1450_0.6X_zhujiang_IMG20250104090144.jpg,0,2,0,0,0,0
SZAWBAE1450_1X_changjiang_IMG20250104100134.jpg,2,0,0,0,0,0
SZAWBAE1450_1X_zhujiang_IMG20250104090147.jpg,0,0,2,0,0,0
SZAWBAE1450_2X_changjiang_IMG20250104100136.jpg,0,0,0,0,0,0
SZAWBAE1450_2X_zhujiang_IMG20250104090150.jpg,0,0,0,0,0,0
SZAWBAE1450_3X_changjiang_IMG20250104100139.jpg,0,0,0,0,0,0
SZAWBAE1450_3X_zhujiang_IMG20250104090152.jpg,0,0,0,0,0,0
SZAWBAE1450_6X_changjiang_IMG20250104100142.jpg,0,0,0,0,0,0
SZAWBAE1460_0.6X_changjiang_IMG20250104095908.jpg,0,0,0,0,0,0
SZAWBAE1460_0.6X_zhujiang_IMG20250104085914.jpg,0,0,0,0,0,0
SZAWBAE1460_1X_changjiang_IMG20250104095912.jpg,2,0,0,0,0,0
SZAWBAE1460_1X_zhujiang_IMG20250104085917.jpg,0,0,0,0,0,0
SZAWBAE1460_2X_changjiang_IMG20250104095915.jpg,0,0,0,0,0,0
SZAWBAE1460_2X_zhujiang_IMG20250104085920.jpg,2,0,0,0,0,0
SZAWBAE1460_3X_changjiang_IMG20250104095918.jpg,0,0,0,0,0,0
SZAWBAE1460_3X_zhujiang_IMG20250104085923.jpg,0,0,0,0,0,0
SZAWBAE1460_6X_changjiang_IMG20250104100040.jpg,0,0,0,0,0,0
SZAWBAE1460_6X_zhujiang_IMG20250104090027.jpg,0,0,0,0,0,0
SZAWBAE1470_0.6X_changjiang_IMG20250104095635.jpg,0,0,0,0,0,0
SZAWBAE1470_0.6X_zhujiang_IMG20250104085652.jpg,0,0,0,0,0,2
SZAWBAE1470_2X_changjiang_IMG20250104095641.jpg,3,0,0,0,0,0
SZAWBAE1470_3X_zhujiang_IMG20250104085700.jpg,0,0,0,0,0,0
SZAWBAE1470_6X_changjiang_IMG20250104095652.jpg,0,0,0,0,0,0
SZAWBAE1470_6X_zhujiang_IMG20250104085703.jpg,0,0,0,0,0,0
SZAWBAE1480_0.6X_changjiang_IMG20250104095436.jpg,0,0,0,0,0,0
SZAWBAE1480_0.6X_zhujiang_IMG20250104085450.jpg,0,0,0,0,0,0
SZAWBAE1480_2X_changjiang_IMG20250104095443.jpg,0,0,0,0,0,0
SZAWBAE1480_2X_zhujiang_IMG20250104085458.jpg,0,0,0,0,0,0
SZAWBAE1480_3X_zhujiang_IMG20250104085501.jpg,0,0,0,0,0,0
SZAWBAE1480_6X_changjiang_IMG20250104095450.jpg,0,0,0,0,0,0
SZAWBAE1480_6X_zhujiang_IMG20250104085506.jpg,0,0,0,0,0,0
SZAWBAE1490_0.6X_changjiang_IMG20250104095204.jpg,0,0,0,0,0,0
SZAWBAE1490_0.6X_zhujiang_IMG20250104085214.jpg,0,0,0,0,0,0
SZAWBAE1490_1X_changjiang_IMG20250104095209.jpg,0,0,0,0,0,0
SZAWBAE1490_1X_zhujiang_IMG20250104085218.jpg,0,0,0,0,0,0
SZAWBAE1490_2X_changjiang_IMG20250104095212.jpg,0,0,0,0,0,0
SZAWBAE1490_3X_changjiang_IMG20250104095216.jpg,0,0,0,0,0,0
SZAWBAE1490_3X_zhujiang_IMG20250104085223.jpg,0,0,0,0,0,0
SZAWBAE1500_0.6X_changjiang_IMG20250104094710.jpg,0,0,0,0,0,0
SZAWBAE1500_2X_changjiang_IMG20250104094719.jpg,2,0,0,0,0,0
SZAWBAE1500_2X_zhujiang_IMG20250104084730.jpg,0,0,0,0,0,0
SZAWBAE1500_3X_changjiang_IMG20250104094721.jpg,0,0,0,0,3,0
SZAWBAE1500_3X_zhujiang_IMG20250104084732.jpg,0,0,0,0,0,0
SZAWBAE1500_6X_changjiang_IMG20250104094725.jpg,0,0,0,0,3,0
SZAWBAE1510_0.6X_changjiang_IMG20250104094444.jpg,0,0,0,0,0,0
SZAWBAE1510_0.6X_zhujiang_IMG20250104084448.jpg,0,0,0,0,0,0
SZAWBAE1510_1X_changjiang_IMG20250104094448.jpg,0,0,0,0,0,0
SZAWBAE1510_1X_zhujiang_IMG20250104084451.jpg,0,0,0,0,0,0
SZAWBAE1510_2X_changjiang_IMG20250104094451.jpg,0,0,0,0,0,0
SZAWBAE1510_2X_zhujiang_IMG20250104084453.jpg,0,0,0,0,0,0
SZAWBAE1510_3X_changjiang_IMG20250104094455.jpg,0,0,0,0,0,0
SZAWBAE1510_3X_zhujiang_IMG20250104084457.jpg,0,0,0,0,0,0
SZAWBAE1510_6X_changjiang_IMG20250104094609.jpg,0,0,0,0,0,0
SZAWBAE1520_0.6X_changjiang_IMG20250104093824.jpg,0,0,0,0,0,0
SZAWBAE1520_0.6X_zhujiang_IMG20250104083832.jpg,0,0,0,0,0,0
SZAWBAE1520_1X_changjiang_IMG20250104093826.jpg,0,0,0,0,0,0
SZAWBAE1520_1X_zhujiang_IMG20250104083834.jpg,0,0,0,0,0,0
SZAWBAE1520_2X_changjiang_IMG20250104093828.jpg,0,2,0,0,0,0
SZAWBAE1520_2X_zhujiang_IMG20250104083836.jpg,0,0,0,2,0,0
SZAWBAE1520_3X_changjiang_IMG20250104093830.jpg,0,2,0,0,0,0
SZAWBAE1520_3X_zhujiang_IMG20250104083840.jpg,0,0,0,0,0,0
SZAWBAE1520_6X_changjiang_IMG20250104093832.jpg,0,0,0,0,0,0
SZAWBAE1520_6X_zhujiang_IMG20250104083843.jpg,0,0,0,0,0,0
SZAWBAE1530_0.6X_changjiang_IMG20250104094008.jpg,0,0,0,0,0,0
SZAWBAE1530_0.6X_zhujiang_IMG20250104084011.jpg,0,0,0,0,0,0
SZAWBAE1530_1X_changjiang_IMG20250104094010.jpg,0,0,0,0,0,0
SZAWBAE1530_1X_zhujiang_IMG20250104084014.jpg,0,0,0,0,0,0
SZAWBAE1530_2X_changjiang_IMG20250104094013.jpg,0,0,0,0,0,0
SZAWBAE1530_3X_changjiang_IMG20250104094015.jpg,0,0,0,0,0,0
SZAWBAE1530_3X_zhujiang_IMG20250104084018.jpg,0,0,0,0,0,0
SZAWBAE1530_6X_changjiang_IMG20250104094127.jpg,0,0,0,0,0,0
SZAWBAE1530_6X_zhujiang_IMG20250104084113.jpg,0,0,0,0,0,0
SZAWBAE1540_0.6X_changjiang_IMG20250102044357.jpg,0,0,0,0,0,0
SZAWBAE1540_0.6X_zhujiang_IMG20250102034305.jpg,0,0,0,0,0,0
SZAWBAE1540_1X_changjiang_IMG20250102044400.jpg,0,0,0,0,0,0
SZAWBAE1540_1X_zhujiang_IMG20250102034307.jpg,0,0,0,0,0,0
SZAWBAE1540_2X_changjiang_IMG20250101070519.jpg,0,0,0,0,0,0
SZAWBAE1540_2X_zhujiang_IMG20250102034309.jpg,0,0,0,0,0,0
SZAWBAE1540_3X_changjiang_IMG20250101070523.jpg,0,0,0,0,0,0
SZAWBAE1540_3X_changjiang_IMG20250102044408.jpg,0,0,0,0,0,0
SZAWBAE1540_3X_zhujiang_IMG20250102034314.jpg,0,0,0,0,0,0
SZAWBAE1540_6X_changjiang_IMG20250101070553.jpg,0,0,0,0,0,0
SZAWBAE1540_6X_changjiang_IMG20250102044448.jpg,0,0,0,0,0,0
SZAWBAE1540_6X_zhujiang_IMG20250102034449.jpg,0,0,0,0,0,0
SZAWBAE1550_0.6X_changjiang_IMG20250102044814.jpg,0,0,0,0,0,0
SZAWBAE1550_0.6X_zhujiang_IMG20250102034723.jpg,0,0,0,0,0,0
SZAWBAE1550_1X_changjiang_IMG20250101041209.jpg,0,0,0,0,0,0
SZAWBAE1550_1X_changjiang_IMG20250102044817.jpg,0,0,0,0,0,0
SZAWBAE1550_2X_changjiang_IMG20250101041211.jpg,0,0,0,0,0,0
SZAWBAE1550_2X_changjiang_IMG20250102044820.jpg,0,0,0,0,0,0
SZAWBAE1550_3X_changjiang_IMG20250102044824.jpg,0,0,0,0,0,0
SZAWBAE1550_6X_changjiang_IMG20250101041223.jpg,2,0,0,0,0,0
SZAWBAE1550_6X_changjiang_IMG20250102044913.jpg,0,0,0,0,0,0
SZAWBAE1550_6X_zhujiang_IMG20250102034905.jpg,0,0,0,0,0,0
SZAWBAE1560_0.6X_zhujiang_IMG20250102035238.jpg,0,0,0,0,0,0
SZAWBAE1560_1X_changjiang_IMG20250102045228.jpg,0,0,0,0,0,0
SZAWBAE1560_1X_zhujiang_IMG20250102035241.jpg,0,2,0,0,0,0
SZAWBAE1560_2X_changjiang_IMG20250102045232.jpg,0,0,0,0,0,0
SZAWBAE1560_2X_zhujiang_IMG20250102035244.jpg,0,0,0,0,0,0
SZAWBAE1560_3X_changjiang_IMG20250102045236.jpg,0,0,0,0,0,0
SZAWBAE1570_0.6X_changjiang_IMG20250102050410.jpg,0,0,0,0,0,0
SZAWBAE1570_0.6X_zhujiang_IMG20250102040424.jpg,0,0,0,0,0,0
SZAWBAE1570_1X_changjiang_IMG20250101041625.jpg,0,0,0,0,3,0
SZAWBAE1570_1X_changjiang_IMG20250102050413.jpg,0,0,0,0,0,0
SZAWBAE1570_1X_zhujiang_IMG20250102040427.jpg,0,0,0,0,0,0
SZAWBAE1570_2X_changjiang_IMG20250101041628.jpg,0,0,0,0,3,0
SZAWBAE1570_2X_changjiang_IMG20250102050415.jpg,0,0,0,0,0,0
SZAWBAE1570_2X_zhujiang_IMG20250102040430.jpg,0,0,0,0,0,0
SZAWBAE1570_3X_changjiang_IMG20250101041631.jpg,0,0,0,0,0,0
SZAWBAE1570_3X_changjiang_IMG20250102050421.jpg,0,0,0,0,0,0
SZAWBAE1570_3X_zhujiang_IMG20250102040433.jpg,0,0,0,0,0,0
SZAWBAE1570_6X_changjiang_IMG20250101041634.jpg,0,0,0,0,0,0
SZAWBAE1570_6X_zhujiang_IMG20250102040528.jpg,0,0,0,0,0,0
SZAWBAE1580_0.6X_changjiang_IMG20250102050914.jpg,0,0,0,0,0,0
